-- 1. ModeleSamolotow (31 wierszy)
INSERT INTO ModeleSamolotow (ModelID, NazwaModelu, Producent, LiczbaMiejsc, Zasięg) VALUES
(1, 'Boeing 737-800', 'Boeing', 189, 5600),
(2, 'Airbus A320-200', 'Airbus', 150, 6100),
(3, 'Boeing 787-9 Dreamliner', 'Boeing', 290, 14140),
(4, 'Airbus A350-900', 'Airbus', 325, 15000),
(5, 'Embraer E190', 'Embraer', 100, 4537),
(6, 'Boeing 777-300ER', 'Boeing', 396, 13649),
(7, 'Airbus A380-800', 'Airbus', 525, 15200),
(8, 'Bombardier CRJ-900', 'Bombardier', 90, 2876),
(9, 'ATR 72-600', 'ATR', 70, 1528),
(10, 'Boeing 747-8 Intercontinental', 'Boeing', 467, 14815),
(11, 'Airbus A330-300', 'Airbus', 277, 11750),
(12, 'Airbus A220-300', 'Airbus', 135, 6204),
(13, 'Boeing 737 MAX 8', 'Boeing', 189, 6570),
(14, 'Embraer E195-E2', 'Embraer', 132, 4815),
(15, 'Airbus A321neo', 'Airbus', 206, 7400),
(16, 'Boeing 767-300ER', 'Boeing', 218, 11070),
(17, 'Bombardier Dash 8 Q400', 'Bombardier', 78, 2040),
(18, 'Cessna Citation X', 'Cessna', 12, 6410),
(19, 'Airbus A319-100', 'Airbus', 124, 6950),
(20, 'Boeing 757-200', 'Boeing', 200, 7222),
(21, 'Boeing 777X-9', 'Boeing', 426, 13500),
(22, 'Airbus A330-900neo', 'Airbus', 287, 13334),
(23, 'Mitsubishi SpaceJet M90', 'Mitsubishi', 88, 3770),
(24, 'Sukhoi Superjet 100', 'Sukhoi', 98, 3048),
(25, 'Boeing 717-200', 'Boeing', 106, 3815),
(26, 'Airbus A340-600', 'Airbus', 350, 14450),
(27, 'Embraer ERJ-145', 'Embraer', 50, 2870),
(28, 'Airbus A310-300', 'Airbus', 220, 8050),
(29, 'COMAC C919', 'COMAC', 168, 4075),
(30, 'Concorde', 'BAC/Aérospatiale', 100, 7222),
(31, 'Boeing 727-200', 'Boeing', 189, 4720);

-- 2. Samoloty (100 wierszy)
INSERT INTO Samoloty (SamolotID, NumerRejestracyjny, ModelID, DataWprowadzeniaDoSluzby) VALUES
(1, 'SP-LWA', 1, '2010-03-15'),
(2, 'SP-LWB', 1, '2010-05-20'),
(3, 'SP-LWC', 1, '2010-08-11'),
(4, 'SP-LWD', 1, '2011-01-05'),
(5, 'SP-LWE', 2, '2011-04-14'),
(6, 'SP-LWF', 2, '2011-09-30'),
(7, 'SP-LWG', 3, '2012-11-15'),
(8, 'SP-LWH', 3, '2012-12-20'),
(9, 'SP-LWI', 4, '2013-02-28'),
(10, 'SP-LWJ', 5, '2013-06-10'),
(11, 'SP-LWK', 5, '2013-09-19'),
(12, 'SP-LWL', 1, '2014-01-25'),
(13, 'SP-LWM', 1, '2014-03-03'),
(14, 'SP-LWN', 6, '2014-07-14'),
(15, 'SP-LWO', 7, '2014-11-01'),
(16, 'SP-LWP', 8, '2015-02-18'),
(17, 'SP-LWR', 9, '2015-05-22'),
(18, 'SP-LWS', 10, '2015-08-30'),
(19, 'SP-LWT', 11, '2015-12-12'),
(20, 'SP-LWU', 12, '2016-03-05'),
(21, 'SP-LWV', 13, '2016-06-18'),
(22, 'SP-LWW', 13, '2016-09-29'),
(23, 'SP-LWX', 14, '2017-01-11'),
(24, 'SP-LWY', 15, '2017-04-20'),
(25, 'SP-LWZ', 16, '2017-07-07'),
(26, 'SP-RAA', 17, '2017-10-15'),
(27, 'SP-RAB', 18, '2018-02-02'),
(28, 'SP-RAC', 19, '2018-05-14'),
(29, 'SP-RAD', 20, '2018-08-28'),
(30, 'SP-RAE', 21, '2018-11-30'),
(31, 'SP-RAF', 22, '2019-03-10'),
(32, 'SP-RAG', 23, '2019-06-25'),
(33, 'SP-RAH', 24, '2019-09-09'),
(34, 'SP-RAI', 25, '2019-12-14'),
(35, 'SP-RAJ', 26, '2020-01-20'),
(36, 'SP-RAK', 27, '2020-04-05'),
(37, 'SP-RAL', 28, '2020-07-19'),
(38, 'SP-RAM', 29, '2020-10-30'),
(39, 'SP-RAN', 30, '2021-02-15'),
(40, 'SP-RAO', 31, '2021-05-05'),
(41, 'SP-RAP', 1, '2021-08-20'),
(42, 'SP-RAR', 2, '2021-11-11'),
(43, 'SP-RAS', 3, '2021-12-24'),
(44, 'SP-RAT', 13, '2022-01-30'),
(45, 'SP-RAU', 13, '2022-03-15'),
(46, 'EI-DPA', 4, '2015-06-01'),
(47, 'EI-DPB', 4, '2015-09-12'),
(48, 'EI-DPC', 5, '2016-01-14'),
(49, 'EI-DPD', 6, '2016-04-22'),
(50, 'EI-DPE', 7, '2016-08-05'),
(51, 'EI-DPF', 1, '2017-02-10'),
(52, 'EI-DPG', 1, '2017-05-19'),
(53, 'EI-DPH', 2, '2017-09-01'),
(54, 'EI-DPI', 3, '2017-12-12'),
(55, 'EI-DPJ', 12, '2018-03-25'),
(56, 'D-AIQA', 15, '2019-06-15'),
(57, 'D-AIQB', 15, '2019-08-20'),
(58, 'D-AIQC', 15, '2019-11-05'),
(59, 'D-AIQD', 22, '2020-02-14'),
(60, 'D-AIQE', 22, '2020-05-30'),
(61, 'SP-ESA', 1, '2012-04-10'),
(62, 'SP-ESB', 1, '2012-07-15'),
(63, 'SP-ESC', 2, '2012-10-22'),
(64, 'SP-ESD', 8, '2013-01-05'),
(65, 'SP-ESE', 8, '2013-04-18'),
(66, 'SP-ESF', 9, '2013-07-29'),
(67, 'SP-ESG', 17, '2013-11-10'),
(68, 'SP-ESH', 17, '2014-02-25'),
(69, 'SP-ESI', 10, '2014-06-08'),
(70, 'SP-ESJ', 11, '2014-09-14'),
(71, 'SP-ESK', 14, '2015-01-20'),
(72, 'SP-ESL', 20, '2015-04-30'),
(73, 'SP-ESM', 25, '2015-08-12'),
(74, 'SP-ESN', 26, '2015-11-25'),
(75, 'SP-ESO', 27, '2016-03-08'),
(76, 'SP-HA1', 31, '2010-06-12'),
(77, 'SP-HA2', 31, '2010-09-18'),
(78, 'SP-HA3', 30, '2011-01-25'),
(79, 'SP-HA4', 29, '2011-05-05'),
(80, 'SP-HA5', 28, '2011-08-15'),
(81, 'SP-HA6', 16, '2012-12-01'),
(82, 'SP-HA7', 16, '2012-03-20'),
(83, 'SP-HA8', 19, '2013-06-30'),
(84, 'SP-HA9', 19, '2013-10-10'),
(85, 'SP-HAA', 24, '2014-01-15'),
(86, 'SP-HAB', 21, '2018-09-25'),
(87, 'SP-HAC', 21, '2019-01-05'),
(88, 'SP-HAD', 13, '2023-02-14'),
(89, 'SP-HAE', 13, '2023-03-20'),
(90, 'SP-HAF', 13, '2023-04-25'),
(91, 'SP-HAG', 15, '2023-05-30'),
(92, 'SP-HAH', 15, '2023-07-07'),
(93, 'SP-HAI', 3, '2023-08-15'),
(94, 'SP-HAJ', 3, '2023-09-22'),
(95, 'SP-HAK', 4, '2023-10-28'),
(96, 'SP-HAL', 5, '2023-11-05'),
(97, 'SP-HAM', 6, '2023-11-15'),
(98, 'SP-HAN', 7, '2023-12-01'),
(99, 'SP-HAO', 12, '2023-12-10'),
(100, 'SP-HAP', 1, '2023-12-20');

-- 3. Lotniska (100 wierszy)
INSERT INTO Lotniska (KodLotniska, Nazwa, Miasto, Kraj) VALUES
-- Polska
('WAW', 'Lotnisko Chopina', 'Warszawa', 'Polska'),
('KRK', 'Kraków Airport im. Jana Pawła II', 'Kraków', 'Polska'),
('GDN', 'Port Lotniczy Gdańsk im. Lecha Wałęsy', 'Gdańsk', 'Polska'),
('KTW', 'Katowice Airport', 'Katowice', 'Polska'),
('WRO', 'Port Lotniczy Wrocław', 'Wrocław', 'Polska'),
('POZ', 'Port Lotniczy Poznań-Ławica', 'Poznań', 'Polska'),
('RZE', 'Port Lotniczy Rzeszów-Jasionka', 'Rzeszów', 'Polska'),
('SZZ', 'Port Lotniczy Szczecin-Goleniów', 'Szczecin', 'Polska'),
('LUZ', 'Port Lotniczy Lublin', 'Lublin', 'Polska'),
('BZG', 'Port Lotniczy Bydgoszcz', 'Bydgoszcz', 'Polska'),
('WMI', 'Port Lotniczy Warszawa-Modlin', 'Nowy Dwór Mazowiecki', 'Polska'),

-- Europa Zachodnia i Centralna
('LHR', 'Heathrow Airport', 'Londyn', 'Wielka Brytania'),
('LGW', 'Gatwick Airport', 'Londyn', 'Wielka Brytania'),
('STN', 'Stansted Airport', 'Londyn', 'Wielka Brytania'),
('CDG', 'Charles de Gaulle Airport', 'Paryż', 'Francja'),
('ORY', 'Orly Airport', 'Paryż', 'Francja'),
('AMS', 'Schiphol Airport', 'Amsterdam', 'Holandia'),
('FRA', 'Frankfurt Airport', 'Frankfurt', 'Niemcy'),
('MUC', 'Munich Airport', 'Monachium', 'Niemcy'),
('BER', 'Berlin Brandenburg', 'Berlin', 'Niemcy'),
('BRU', 'Brussels Airport', 'Bruksela', 'Belgia'),
('ZRH', 'Zurich Airport', 'Zurych', 'Szwajcaria'),
('GVA', 'Geneva Airport', 'Genewa', 'Szwajcaria'),
('VIE', 'Vienna International Airport', 'Wiedeń', 'Austria'),
('PRG', 'Václav Havel Airport', 'Praga', 'Czechy'),
('BUD', 'Ferenc Liszt International Airport', 'Budapeszt', 'Węgry'),

-- Europa Południowa
('MAD', 'Adolfo Suárez Madrid-Barajas', 'Madryt', 'Hiszpania'),
('BCN', 'El Prat Airport', 'Barcelona', 'Hiszpania'),
('AGP', 'Málaga Airport', 'Malaga', 'Hiszpania'),
('LIS', 'Humberto Delgado Airport', 'Lizbona', 'Portugalia'),
('OPO', 'Francisco Sá Carneiro Airport', 'Porto', 'Portugalia'),
('FCO', 'Fiumicino Airport', 'Rzym', 'Włochy'),
('MXP', 'Malpensa Airport', 'Mediolan', 'Włochy'),
('BGY', 'Orio al Serio', 'Bergamo', 'Włochy'),
('VCE', 'Marco Polo Airport', 'Wenecja', 'Włochy'),
('ATH', 'Eleftherios Venizelos', 'Ateny', 'Grecja'),
('SKG', 'Macedonia Airport', 'Saloniki', 'Grecja'),
('HER', 'Heraklion Airport', 'Heraklion', 'Grecja'),
('MLA', 'Malta International Airport', 'Luqa', 'Malta'),
('LCA', 'Larnaca International Airport', 'Larnaka', 'Cypr'),

-- Europa Północna i Wschodnia
('CPH', 'Copenhagen Airport', 'Kopenhaga', 'Dania'),
('ARN', 'Arlanda Airport', 'Sztokholm', 'Szwecja'),
('OSL', 'Gardermoen Airport', 'Oslo', 'Norwegia'),
('HEL', 'Helsinki-Vantaa', 'Helsinki', 'Finlandia'),
('KEF', 'Keflavík International Airport', 'Reykjavik', 'Islandia'),
('DUB', 'Dublin Airport', 'Dublin', 'Irlandia'),
('KBP', 'Boryspil International Airport', 'Kijów', 'Ukraina'),
('RIGA', 'Riga International Airport', 'Ryga', 'Łotwa'),
('VNO', 'Vilnius Airport', 'Wilno', 'Litwa'),
('TLL', 'Tallinn Airport', 'Tallinn', 'Estonia'),
('IST', 'Istanbul Airport', 'Stambuł', 'Turcja'),
('SAW', 'Sabiha Gökçen', 'Stambuł', 'Turcja'),
('AYT', 'Antalya Airport', 'Antalya', 'Turcja'),

-- Azja Zachodnia (Bliski Wschód i Kaukaz)
('DXB', 'Dubai International', 'Dubaj', 'Zjednoczone Emiraty Arabskie'),
('AUH', 'Zayed International Airport', 'Abu Zabi', 'Zjednoczone Emiraty Arabskie'),
('DOH', 'Hamad International', 'Doha', 'Katar'),
('TLV', 'Ben Gurion Airport', 'Tel Awiw', 'Izrael'),
('AMM', 'Queen Alia International', 'Amman', 'Jordania'),
('RUH', 'King Khalid International', 'Rijad', 'Arabia Saudyjska'),
('JED', 'King Abdulaziz International', 'Dżudda', 'Arabia Saudyjska'),
('KWI', 'Kuwait International', 'Kuwejt', 'Kuwejt'),
('MCT', 'Muscat International', 'Maskat', 'Oman'),
('BAH', 'Bahrain International', 'Manama', 'Bahrajn'),
('BEY', 'Rafic Hariri International', 'Bejrut', 'Liban'),
('GYD', 'Heydar Aliyev Airport', 'Baku', 'Azerbejdżan'),
('TBS', 'Tbilisi International', 'Tbilisi', 'Gruzja'),
('EVN', 'Zvartnots International', 'Erywań', 'Armenia'),

-- Afryka Północna
('CAI', 'Cairo International', 'Kair', 'Egipt'),
('HRG', 'Hurghada International', 'Hurghada', 'Egipt'),
('SSH', 'Sharm El Sheikh International', 'Szarm el-Szejk', 'Egipt'),
('RMF', 'Marsa Alam International', 'Marsa Alam', 'Egipt'),
('CMN', 'Mohammed V International', 'Casablanca', 'Maroko'),
('RAK', 'Marrakesh Menara', 'Marrakesz', 'Maroko'),
('AGA', 'Al Massira', 'Agadir', 'Maroko'),
('TUN', 'Tunis-Carthage', 'Tunis', 'Tunezja'),
('DJE', 'Djerba–Zarzis', 'Dżerba', 'Tunezja'),
('ALG', 'Houari Boumediene', 'Algier', 'Algieria'),

-- Wschodnie Wybrzeże Ameryki Północnej (USA i Kanada)
('JFK', 'John F. Kennedy International', 'Nowy Jork', 'USA'),
('EWR', 'Newark Liberty', 'Newark', 'USA'),
('LGA', 'LaGuardia', 'Nowy Jork', 'USA'),
('BOS', 'Logan International', 'Boston', 'USA'),
('IAD', 'Washington Dulles', 'Waszyngton', 'USA'),
('DCA', 'Reagan National', 'Waszyngton', 'USA'),
('PHL', 'Philadelphia International', 'Filadelfia', 'USA'),
('MCO', 'Orlando International', 'Orlando', 'USA'),
('MIA', 'Miami International', 'Miami', 'USA'),
('FLL', 'Fort Lauderdale-Hollywood', 'Fort Lauderdale', 'USA'),
('ATL', 'Hartsfield-Jackson', 'Atlanta', 'USA'),
('CLT', 'Charlotte Douglas', 'Charlotte', 'USA'),
('DTW', 'Detroit Metropolitan', 'Detroit', 'USA'),
('YYZ', 'Toronto Pearson', 'Toronto', 'Kanada'),
('YUL', 'Montréal-Trudeau', 'Montreal', 'Kanada'),
('YOW', 'Ottawa Macdonald-Cartier', 'Ottawa', 'Kanada'),
('YHZ', 'Halifax Stanfield', 'Halifax', 'Kanada'),

-- 10 Lotnisk z Dalszych Regionów 
('LAX', 'Los Angeles International', 'Los Angeles', 'USA'),
('SFO', 'San Francisco International', 'San Francisco', 'USA'),
('ORD', 'OHare International', 'Chicago', 'USA'),
('HND', 'Haneda Airport', 'Tokio', 'Japonia'),
('NRT', 'Narita International', 'Tokio', 'Japonia'),
('SIN', 'Changi Airport', 'Singapur', 'Singapur'),
('BKK', 'Suvarnabhumi Airport', 'Bangkok', 'Tajlandia'),
('SYD', 'Kingsford Smith Airport', 'Sydney', 'Australia'),
('GRU', 'Guarulhos Airport', 'Sao Paulo', 'Brazylia'),
('MEX', 'Benito Juárez International', 'Meksyk', 'Meksyk');

-- 4. Trasy (95 wierszy)
INSERT INTO Trasy (TrasaID, LotniskoOdlotu, LotniskoPrzylotu) VALUES

-- --- 80 TRAS KRÓTKO I ŚREDNIO DYSTANSOWYCH ---

-- Połączenia z Polski (LOT / Low Cost)
(2, 'WAW', 'LHR'), -- Warszawa - Londyn Heathrow
(3, 'WAW', 'CDG'), -- Warszawa - Paryż
(4, 'WAW', 'FRA'), -- Warszawa - Frankfurt
(5, 'WAW', 'MUC'), -- Warszawa - Monachium
(6, 'WAW', 'AMS'), -- Warszawa - Amsterdam
(7, 'WAW', 'BRU'), -- Warszawa - Bruksela
(8, 'WAW', 'VIE'), -- Warszawa - Wiedeń
(9, 'WAW', 'PRG'), -- Warszawa - Praga
(10, 'WAW', 'BUD'), -- Warszawa - Budapeszt
(11, 'WAW', 'MAD'), -- Warszawa - Madryt
(12, 'WAW', 'BCN'), -- Warszawa - Barcelona
(13, 'WAW', 'FCO'), -- Warszawa - Rzym
(14, 'WAW', 'ATH'), -- Warszawa - Ateny
(15, 'WAW', 'IST'), -- Warszawa - Stambuł
(16, 'WAW', 'TLV'), -- Warszawa - Tel Awiw
(17, 'KRK', 'STN'), -- Kraków - Londyn Stansted
(18, 'KRK', 'BGY'), -- Kraków - Mediolan Bergamo
(19, 'KRK', 'FRA'), -- Kraków - Frankfurt
(20, 'KRK', 'MUC'), -- Kraków - Monachium
(21, 'KRK', 'WAW'), -- Kraków - Warszawa (Dolot)
(22, 'GDN', 'WAW'), -- Gdańsk - Warszawa
(23, 'GDN', 'CPH'), -- Gdańsk - Kopenhaga
(24, 'GDN', 'STN'), -- Gdańsk - Londyn Stansted
(25, 'KTW', 'STN'), -- Katowice - Londyn Stansted
(26, 'KTW', 'HRG'), -- Katowice - Hurghada (Charter)
(27, 'WRO', 'MUC'), -- Wrocław - Monachium
(28, 'WRO', 'WAW'), -- Wrocław - Warszawa
(29, 'POZ', 'WAW'), -- Poznań - Warszawa
(30, 'RZE', 'WAW'), -- Rzeszów - Warszawa

-- Główne trasy europejskie (Hub-to-Hub)
(31, 'LHR', 'CDG'), -- Londyn - Paryż
(32, 'LHR', 'FRA'), -- Londyn - Frankfurt
(33, 'LHR', 'AMS'), -- Londyn - Amsterdam
(34, 'LHR', 'DUB'), -- Londyn - Dublin
(35, 'CDG', 'FCO'), -- Paryż - Rzym
(36, 'CDG', 'BCN'), -- Paryż - Barcelona
(37, 'CDG', 'GVA'), -- Paryż - Genewa
(38, 'FRA', 'VCE'), -- Frankfurt - Wenecja
(39, 'FRA', 'ZRH'), -- Frankfurt - Zurych
(40, 'FRA', 'VIE'), -- Frankfurt - Wiedeń
(41, 'AMS', 'CPH'), -- Amsterdam - Kopenhaga
(42, 'AMS', 'BCN'), -- Amsterdam - Barcelona
(43, 'MUC', 'VCE'), -- Monachium - Wenecja
(44, 'BER', 'LHR'), -- Berlin - Londyn
(45, 'BER', 'CDG'), -- Berlin - Paryż

-- Południe Europy i Wakacyjne
(46, 'MAD', 'LIS'), -- Madryt - Lizbona
(47, 'MAD', 'OPO'), -- Madryt - Porto
(48, 'BCN', 'LGW'), -- Barcelona - Londyn Gatwick
(49, 'FCO', 'ATH'), -- Rzym - Ateny
(50, 'ATH', 'HER'), -- Ateny - Heraklion
(51, 'ATH', 'LCA'), -- Ateny - Larnaka
(52, 'IST', 'ATH'), -- Stambuł - Ateny
(53, 'IST', 'FRA'), -- Stambuł - Frankfurt
(54, 'IST', 'DXB'), -- Stambuł - Dubaj
(55, 'AYT', 'WAW'), -- Antalya - Warszawa
(56, 'AYT', 'BER'), -- Antalya - Berlin

-- Skandynawia i Bałtyki
(57, 'CPH', 'ARN'), -- Kopenhaga - Sztokholm
(58, 'ARN', 'OSL'), -- Sztokholm - Oslo
(59, 'OSL', 'KEF'), -- Oslo - Reykjavik
(60, 'HEL', 'TLL'), -- Helsinki - Tallinn
(61, 'RIGA', 'WAW'), -- Ryga - Warszawa
(62, 'VNO', 'WAW'), -- Wilno - Warszawa
(63, 'TLL', 'HEL'), -- Tallinn - Helsinki

-- Bliski Wschód i Afryka Północna (Średni dystans)
(64, 'LHR', 'DXB'), -- Londyn - Dubaj
(65, 'CDG', 'DXB'), -- Paryż - Dubaj
(66, 'FRA', 'DXB'), -- Frankfurt - Dubaj
(67, 'WAW', 'CAI'), -- Warszawa - Kair
(68, 'WAW', 'TUN'), -- Warszawa - Tunis
(69, 'CDG', 'CMN'), -- Paryż - Casablanca
(70, 'CDG', 'TUN'), -- Paryż - Tunis
(71, 'MAD', 'RAK'), -- Madryt - Marrakesz
(72, 'LHR', 'CAI'), -- Londyn - Kair
(73, 'WAW', 'LCA'), -- Warszawa - Larnaka
(74, 'KRK', 'TLV'), -- Kraków - Tel Awiw
(75, 'BUD', 'TLV'), -- Budapeszt - Tel Awiw
(76, 'VIE', 'AMM'), -- Wiedeń - Amman
(77, 'IST', 'TLV'), -- Stambuł - Tel Awiw
(78, 'DXB', 'MCT'), -- Dubaj - Maskat
(79, 'DXB', 'BAH'), -- Dubaj - Bahrajn
(80, 'DXB', 'DOH'), -- Dubaj - Doha
(81, 'AUH', 'LHR'), -- Abu Zabi - Londyn

-- --- 15 TRAS DŁUGODYSTANSOWYCH ---

-- Transatlantyckie
(82, 'LHR', 'JFK'), -- Londyn - Nowy Jork
(83, 'LHR', 'LAX'), -- Londyn - Los Angeles
(84, 'CDG', 'JFK'), -- Paryż - Nowy Jork
(85, 'FRA', 'MIA'), -- Frankfurt - Miami
(86, 'AMS', 'ATL'), -- Amsterdam - Atlanta
(87, 'WAW', 'ORD'), -- Warszawa - Chicago
(88, 'WAW', 'YYZ'), -- Warszawa - Toronto
(89, 'WAW', 'MIA'), -- Warszawa - Miami
(90, 'WAW', 'NRT'), -- Warszawa - Tokio Narita

-- Azja, Australia i Ameryka Płd.
(91, 'FRA', 'SIN'), -- Frankfurt - Singapur
(92, 'LHR', 'SIN'), -- Londyn - Singapur
(93, 'DXB', 'SYD'), -- Dubaj - Sydney
(94, 'DXB', 'JFK'), -- Dubaj - Nowy Jork (Ultra Long Haul)
(95, 'LHR', 'HND'), -- Londyn - Tokio Haneda
(96, 'CDG', 'GRU'); -- Paryż - Sao Paulo

-- 5. StatusyLotow (5 wierszy)
INSERT INTO StatusyLotow (StatusID, OpisStatusu) VALUES
(1, 'Planowany'),
(2, 'Wystartował'),
(3, 'Opóźniony'),
(4, 'Wylądował'),
(5, 'Anulowany');

-- 6. Loty (300 wierszy - kluczowa tabela)
INSERT INTO Loty (LotID, NumerLotu, TrasaID, SamolotID, DataOdlotu, PlanowanaDataPrzylotu, RzeczywistaDataOdlotu, RzeczywistaDataPrzylotu, StatusID) VALUES
(1001, 'LO001', 1, 106, '2025-12-05 08:00:00', '2025-12-05 16:30:00', NULL, NULL, 1), -- WAW-JFK (Planowany)
(1002, 'LO002', 1, 3, '2025-12-01 12:00:00', '2025-12-01 20:30:00', '2025-12-01 12:05:00', '2025-12-01 20:40:00', 4),
(1003, 'LO003', 2, 15, '2025-12-01 07:00:00', '2025-12-01 08:30:00', '2025-12-01 07:10:00', '2025-12-01 08:45:00', 4),
(1004, 'LO004', 3, 22, '2025-12-01 09:00:00', '2025-12-01 11:15:00', '2025-12-01 09:00:00', '2025-12-01 11:10:00', 4),
(1005, 'LO005', 4, 7, '2025-12-01 14:00:00', '2025-12-01 15:45:00', '2025-12-01 14:20:00', '2025-12-01 16:00:00', 4),
(1006, 'LO006', 5, 12, '2025-12-01 18:00:00', '2025-12-01 19:30:00', '2025-12-01 18:05:00', '2025-12-01 19:35:00', 4),
(1007, 'LO007', 82, 4, '2025-12-02 10:00:00', '2025-12-02 18:00:00', '2025-12-02 10:15:00', '2025-12-02 18:20:00', 4),
(1008, 'LO008', 83, 6, '2025-12-02 11:00:00', '2025-12-02 22:00:00', '2025-12-02 11:30:00', '2025-12-02 22:45:00', 3),
(1009, 'LO009', 6, 45, '2025-12-02 08:00:00', '2025-12-02 10:00:00', '2025-12-02 08:00:00', '2025-12-02 09:55:00', 4),
(1010, 'LO010', 7, 33, '2025-12-02 16:00:00', '2025-12-02 18:00:00', NULL, NULL, 5),
(1011, 'LO011', 8, 50, '2025-12-02 13:00:00', '2025-12-02 14:15:00', '2025-12-02 13:05:00', '2025-12-02 14:20:00', 4),
(1012, 'LO012', 90, 8, '2025-12-03 15:00:00', '2025-12-04 05:00:00', '2025-12-03 15:10:00', '2025-12-04 05:05:00', 4),
(1013, 'LO013', 10, 60, '2025-12-03 09:30:00', '2025-12-03 10:45:00', '2025-12-03 09:40:00', '2025-12-03 10:55:00', 4),
(1014, 'LO014', 11, 25, '2025-12-03 11:00:00', '2025-12-03 14:30:00', '2025-12-03 11:00:00', '2025-12-03 14:25:00', 4),
(1015, 'LO015', 12, 28, '2025-12-03 17:00:00', '2025-12-03 20:00:00', '2025-12-03 17:15:00', '2025-12-03 20:10:00', 4),
(1016, 'LO016', 85, 9, '2025-12-04 06:00:00', '2025-12-04 16:00:00', '2025-12-04 06:10:00', '2025-12-04 16:15:00', 4),
(1017, 'LO017', 15, 30, '2025-12-04 12:00:00', '2025-12-04 15:30:00', '2025-12-04 12:20:00', '2025-12-04 15:50:00', 4),
(1018, 'LO018', 16, 35, '2025-12-04 22:00:00', '2025-12-05 01:30:00', '2025-12-04 22:05:00', '2025-12-05 01:35:00', 4),
(1019, 'LO019', 93, 2, '2025-12-05 08:00:00', '2025-12-05 22:00:00', '2025-12-05 08:30:00', '2025-12-05 22:45:00', 3),
(1020, 'LO020', 20, 40, '2025-12-05 10:00:00', '2025-12-05 11:30:00', '2025-12-05 10:00:00', '2025-12-05 11:25:00', 4),
(1021, 'LO021', 25, 41, '2025-12-05 14:00:00', '2025-12-05 16:00:00', NULL, NULL, 5),
(1022, 'LO022', 1, 10, '2025-12-06 12:00:00', '2025-12-06 20:30:00', '2025-12-06 12:10:00', '2025-12-06 20:50:00', 4),
(1023, 'LO023', 88, 11, '2025-12-06 15:00:00', '2025-12-06 23:30:00', '2025-12-06 15:05:00', '2025-12-06 23:35:00', 4),
(1024, 'LO024', 30, 55, '2025-12-06 09:00:00', '2025-12-06 09:50:00', '2025-12-06 09:00:00', '2025-12-06 09:45:00', 4),
(1025, 'LO025', 35, 66, '2025-12-06 18:00:00', '2025-12-06 20:00:00', '2025-12-06 18:15:00', '2025-12-06 20:20:00', 4),
(1026, 'LO026', 40, 70, '2025-12-07 07:30:00', '2025-12-07 08:45:00', '2025-12-07 07:35:00', '2025-12-07 08:50:00', 4),
(1027, 'LO027', 91, 5, '2025-12-07 13:00:00', '2025-12-08 05:00:00', '2025-12-07 13:00:00', '2025-12-08 04:55:00', 4),
(1028, 'LO028', 50, 80, '2025-12-07 10:00:00', '2025-12-07 12:00:00', '2025-12-07 10:20:00', '2025-12-07 12:15:00', 4),
(1029, 'LO029', 55, 18, '2025-12-08 08:00:00', '2025-12-08 11:30:00', '2025-12-08 08:05:00', '2025-12-08 11:40:00', 4),
(1030, 'LO030', 60, 29, '2025-12-08 16:30:00', '2025-12-08 17:30:00', NULL, NULL, 5),
(1031, 'LO031', 64, 14, '2025-12-08 20:00:00', '2025-12-09 02:00:00', '2025-12-08 20:10:00', '2025-12-09 02:15:00', 4),
(1032, 'LO032', 82, 1, '2025-12-09 11:00:00', '2025-12-09 19:00:00', '2025-12-09 12:00:00', '2025-12-09 20:10:00', 3),
(1033, 'LO033', 70, 77, '2025-12-09 14:00:00', '2025-12-09 16:30:00', '2025-12-09 14:00:00', '2025-12-09 16:25:00', 4),
(1034, 'LO034', 75, 88, '2025-12-09 09:00:00', '2025-12-09 12:00:00', '2025-12-09 09:05:00', '2025-12-09 12:05:00', 4),
(1035, 'LO035', 95, 12, '2025-12-10 12:00:00', '2025-12-11 02:00:00', '2025-12-10 12:15:00', '2025-12-11 02:20:00', 4),
(1036, 'LO036', 22, 51, '2025-12-10 07:00:00', '2025-12-10 08:00:00', '2025-12-10 07:00:00', '2025-12-10 07:55:00', 4),
(1037, 'LO037', 28, 52, '2025-12-10 18:00:00', '2025-12-10 18:50:00', '2025-12-10 18:10:00', '2025-12-10 19:00:00', 4),
(1038, 'LO038', 1, 16, '2025-12-11 10:00:00', '2025-12-11 18:30:00', '2025-12-11 10:05:00', NULL, 2),
(1039, 'LO039', 5, 20, '2025-12-11 12:00:00', '2025-12-11 13:30:00', '2025-12-11 12:00:00', NULL, 2),
(1040, 'LO040', 89, 21, '2025-12-11 14:00:00', '2025-12-11 23:00:00', '2025-12-11 15:30:00', NULL, 3),
(1041, 'LO041', 33, 90, '2025-12-11 16:00:00', '2025-12-11 17:15:00', '2025-12-11 16:05:00', NULL, 2),
(1042, 'LO042', 45, 95, '2025-12-11 19:00:00', '2025-12-11 20:45:00', NULL, NULL, 1),
(1043, 'LO043', 90, 8, '2025-12-12 15:00:00', '2025-12-13 05:00:00', NULL, NULL, 1),
(1044, 'LO044', 12, 63, '2025-12-12 08:00:00', '2025-12-12 11:00:00', NULL, NULL, 1),
(1045, 'LO045', 18, 58, '2025-12-12 10:00:00', '2025-12-12 12:00:00', NULL, NULL, 1),
(1046, 'LO046', 96, 4, '2025-12-12 21:00:00', '2025-12-13 08:00:00', NULL, NULL, 1),
(1047, 'LO047', 7, 72, '2025-12-13 07:00:00', '2025-12-13 09:00:00', NULL, NULL, 1),
(1048, 'LO048', 42, 75, '2025-12-13 13:00:00', '2025-12-13 15:30:00', NULL, NULL, 1),
(1049, 'LO049', 84, 13, '2025-12-13 11:00:00', '2025-12-13 19:00:00', NULL, NULL, 1),
(1050, 'LO050', 66, 27, '2025-12-14 09:00:00', '2025-12-14 15:00:00', NULL, NULL, 1),
(1051, 'LO051', 1, 3, '2025-12-14 12:00:00', '2025-12-14 20:30:00', NULL, NULL, 1),
(1052, 'LO052', 2, 49, '2025-12-14 08:00:00', '2025-12-14 09:30:00', NULL, NULL, 1),
(1053, 'LO053', 3, 53, '2025-12-14 16:00:00', '2025-12-14 18:15:00', NULL, NULL, 1),
(1054, 'LO054', 86, 6, '2025-12-15 10:00:00', '2025-12-15 19:00:00', NULL, NULL, 1),
(1055, 'LO055', 52, 99, '2025-12-15 14:00:00', '2025-12-15 15:30:00', NULL, NULL, 1),
(1056, 'LO056', 92, 10, '2025-12-15 22:00:00', '2025-12-16 10:00:00', NULL, NULL, 1),
(1057, 'LO057', 14, 85, '2025-12-16 09:00:00', '2025-12-16 12:00:00', NULL, NULL, 1),
(1058, 'LO058', 26, 42, '2025-12-16 11:00:00', '2025-12-16 15:00:00', NULL, NULL, 1),
(1059, 'LO059', 38, 43, '2025-12-16 17:00:00', '2025-12-16 18:30:00', NULL, NULL, 1),
(1060, 'LO060', 87, 11, '2025-12-16 13:00:00', '2025-12-16 22:00:00', NULL, NULL, 1),
(1061, 'LO061', 9, 36, '2025-12-17 07:00:00', '2025-12-17 08:15:00', NULL, NULL, 1),
(1062, 'LO062', 19, 39, '2025-12-17 10:00:00', '2025-12-17 11:45:00', NULL, NULL, 1),
(1063, 'LO063', 68, 44, '2025-12-17 14:00:00', '2025-12-17 17:00:00', NULL, NULL, 1),
(1064, 'LO064', 83, 7, '2025-12-18 11:00:00', '2025-12-18 22:00:00', NULL, NULL, 1),
(1065, 'LO065', 5, 46, '2025-12-18 09:00:00', '2025-12-18 10:30:00', NULL, NULL, 1),
(1066, 'LO066', 31, 48, '2025-12-18 16:00:00', '2025-12-18 17:15:00', NULL, NULL, 1),
(1067, 'LO067', 94, 9, '2025-12-18 20:00:00', '2025-12-19 10:00:00', NULL, NULL, 1),
(1068, 'LO068', 62, 54, '2025-12-19 08:00:00', '2025-12-19 09:00:00', NULL, NULL, 1),
(1069, 'LO069', 74, 56, '2025-12-19 12:00:00', '2025-12-19 15:30:00', NULL, NULL, 1),
(1070, 'LO070', 1, 3, '2025-12-19 12:00:00', '2025-12-19 20:30:00', NULL, NULL, 1),
(1071, 'LO071', 82, 10, '2025-12-20 10:00:00', '2025-12-20 18:00:00', NULL, NULL, 1),
(1072, 'LO072', 15, 61, '2025-12-20 14:00:00', '2025-12-20 17:30:00', NULL, NULL, 1),
(1073, 'LO073', 46, 62, '2025-12-20 18:00:00', '2025-12-20 19:15:00', NULL, NULL, 1),
(1074, 'LO074', 90, 8, '2025-12-21 15:00:00', '2025-12-22 05:00:00', NULL, NULL, 1),
(1075, 'LO075', 23, 67, '2025-12-21 09:00:00', '2025-12-21 10:00:00', NULL, NULL, 1),
(1076, 'LO076', 58, 68, '2025-12-21 11:00:00', '2025-12-21 12:15:00', NULL, NULL, 1),
(1077, 'LO077', 85, 9, '2025-12-21 13:00:00', '2025-12-21 23:00:00', NULL, NULL, 1),
(1078, 'LO078', 34, 71, '2025-12-22 07:00:00', '2025-12-22 08:30:00', NULL, NULL, 1),
(1079, 'LO079', 2, 73, '2025-12-22 16:00:00', '2025-12-22 17:30:00', NULL, NULL, 1),
(1080, 'LO080', 65, 12, '2025-12-22 19:00:00', '2025-12-23 01:00:00', NULL, NULL, 1),
(1081, 'LO081', 11, 74, '2025-12-23 10:00:00', '2025-12-23 13:30:00', NULL, NULL, 1),
(1082, 'LO082', 17, 76, '2025-12-23 12:00:00', '2025-12-23 14:00:00', NULL, NULL, 1),
(1083, 'LO083', 93, 2, '2025-12-23 08:00:00', '2025-12-23 22:00:00', NULL, NULL, 1),
(1084, 'LO084', 78, 79, '2025-12-24 09:00:00', '2025-12-24 10:15:00', NULL, NULL, 1),
(1085, 'LO085', 6, 82, '2025-12-24 15:00:00', '2025-12-24 17:00:00', NULL, NULL, 1),
(1086, 'LO086', 88, 11, '2025-12-24 14:00:00', '2025-12-24 22:30:00', NULL, NULL, 1),
(1087, 'LO087', 29, 87, '2025-12-25 08:00:00', '2025-12-25 09:00:00', NULL, NULL, 1),
(1088, 'LO088', 41, 89, '2025-12-25 18:00:00', '2025-12-25 19:30:00', NULL, NULL, 1),
(1089, 'LO089', 51, 91, '2025-12-25 11:00:00', '2025-12-25 13:00:00', NULL, NULL, 1),
(1090, 'LO090', 96, 5, '2025-12-26 21:00:00', '2025-12-27 08:00:00', NULL, NULL, 1),
(1091, 'LO091', 1, 93, '2025-12-26 12:00:00', '2025-12-26 20:30:00', NULL, NULL, 5),
(1092, 'LO092', 4, 94, '2025-12-26 14:00:00', '2025-12-26 15:45:00', NULL, NULL, 5),
(1093, 'LO093', 82, 96, '2025-12-27 10:00:00', '2025-12-27 18:00:00', NULL, NULL, 5),
(1094, 'LO094', 13, 97, '2025-12-27 08:00:00', '2025-12-27 10:15:00', NULL, NULL, 5),
(1095, 'LO095', 36, 98, '2025-12-27 17:00:00', '2025-12-27 19:00:00', NULL, NULL, 5),
(1096, 'LO096', 56, 100, '2025-12-28 06:00:00', '2025-12-28 09:00:00', NULL, NULL, 5),
(1097, 'LO097', 85, 9, '2025-12-28 13:00:00', '2025-12-28 23:00:00', NULL, NULL, 5),
(1098, 'LO098', 21, 15, '2025-12-29 09:00:00', '2025-12-29 09:50:00', NULL, NULL, 5),
(1099, 'LO099', 60, 24, '2025-12-29 15:00:00', '2025-12-29 16:00:00', NULL, NULL, 5),
(1100, 'LO100', 91, 5, '2025-12-29 23:00:00', '2025-12-30 15:00:00', NULL, NULL, 5),
(1101, 'LO101', 3, 31, '2025-12-30 10:00:00', '2025-12-30 12:15:00', NULL, NULL, 5),
(1102, 'LO102', 4, 12, '2025-12-30 06:00:00', '2025-12-30 07:45:00', '2025-12-30 06:05:00', '2025-12-30 07:50:00', 4),
(1103, 'LO103', 82, 4, '2025-12-30 10:00:00', '2025-12-30 18:00:00', '2025-12-30 10:15:00', '2025-12-30 18:25:00', 4),
(1104, 'LO104', 15, 20, '2025-12-30 12:00:00', '2025-12-30 15:30:00', '2025-12-30 12:00:00', '2025-12-30 15:20:00', 4),
(1105, 'LO105', 22, 50, '2025-12-30 08:00:00', '2025-12-30 08:55:00', '2025-12-30 08:05:00', '2025-12-30 09:00:00', 4),
(1106, 'LO106', 90, 8, '2025-12-30 15:00:00', '2025-12-31 05:00:00', '2025-12-30 15:20:00', '2025-12-31 05:30:00', 4),
(1107, 'LO107', 8, 30, '2025-12-30 18:00:00', '2025-12-30 19:15:00', '2025-12-30 18:10:00', '2025-12-30 19:20:00', 4),
(1108, 'LO108', 35, 18, '2025-12-31 07:00:00', '2025-12-31 09:05:00', '2025-12-31 07:00:00', '2025-12-31 08:55:00', 4),
(1109, 'LO109', 1, 3, '2025-12-31 12:00:00', '2025-12-31 20:30:00', '2025-12-31 12:15:00', '2025-12-31 20:50:00', 4),
(1110, 'LO110', 5, 22, '2025-12-31 14:00:00', '2025-12-31 15:30:00', NULL, NULL, 5),
(1111, 'LO111', 66, 14, '2025-12-31 20:00:00', '2026-01-01 02:00:00', '2025-12-31 20:30:00', '2026-01-01 02:40:00', 4),
(1112, 'LO112', 40, 70, '2026-01-01 10:00:00', '2026-01-01 11:15:00', '2026-01-01 10:05:00', '2026-01-01 11:20:00', 4),
(1113, 'LO113', 93, 7, '2026-01-01 18:00:00', '2026-01-02 08:00:00', '2026-01-01 18:00:00', '2026-01-02 07:50:00', 4),
(1114, 'LO114', 10, 44, '2026-01-01 09:00:00', '2026-01-01 10:15:00', '2026-01-01 09:10:00', '2026-01-01 10:25:00', 4),
(1115, 'LO115', 85, 9, '2026-01-01 13:00:00', '2026-01-01 23:00:00', '2026-01-01 13:20:00', '2026-01-01 23:30:00', 4),
(1116, 'LO116', 25, 41, '2026-01-02 08:00:00', '2026-01-02 10:00:00', '2026-01-02 08:00:00', '2026-01-02 09:55:00', 4),
(1117, 'LO117', 55, 60, '2026-01-02 16:00:00', '2026-01-02 19:30:00', '2026-01-02 16:15:00', '2026-01-02 19:40:00', 4),
(1118, 'LO118', 12, 51, '2026-01-02 11:00:00', '2026-01-02 13:30:00', '2026-01-02 11:05:00', '2026-01-02 13:40:00', 4),
(1119, 'LO119', 88, 11, '2026-01-02 15:00:00', '2026-01-02 23:30:00', '2026-01-02 15:00:00', '2026-01-02 23:25:00', 4),
(1120, 'LO120', 3, 25, '2026-01-03 07:00:00', '2026-01-03 09:15:00', '2026-01-03 07:10:00', '2026-01-03 09:30:00', 4),
(1121, 'LO121', 96, 5, '2026-01-03 21:00:00', '2026-01-04 08:00:00', '2026-01-03 21:30:00', '2026-01-04 08:45:00', 4),
(1122, 'LO122', 18, 33, '2026-01-03 12:00:00', '2026-01-03 14:00:00', NULL, NULL, 5),
(1123, 'LO123', 70, 77, '2026-01-03 14:00:00', '2026-01-03 16:30:00', '2026-01-03 14:05:00', '2026-01-03 16:35:00', 4),
(1124, 'LO124', 83, 6, '2026-01-04 11:00:00', '2026-01-04 22:00:00', '2026-01-04 11:15:00', '2026-01-04 22:20:00', 4),
(1125, 'LO125', 28, 52, '2026-01-04 18:00:00', '2026-01-04 18:50:00', '2026-01-04 18:00:00', '2026-01-04 18:45:00', 4),
(1126, 'LO126', 1, 10, '2026-01-04 12:00:00', '2026-01-04 20:30:00', '2026-01-04 12:05:00', '2026-01-04 20:40:00', 4),
(1127, 'LO127', 45, 95, '2026-01-05 09:00:00', '2026-01-05 10:45:00', '2026-01-05 09:00:00', '2026-01-05 10:40:00', 4),
(1128, 'LO128', 91, 2, '2026-01-05 13:00:00', '2026-01-06 05:00:00', '2026-01-05 13:30:00', '2026-01-06 05:40:00', 4),
(1129, 'LO129', 6, 28, '2026-01-05 16:00:00', '2026-01-05 18:00:00', '2026-01-05 16:05:00', '2026-01-05 18:10:00', 4),
(1130, 'LO130', 30, 55, '2026-01-06 08:00:00', '2026-01-06 08:50:00', '2026-01-06 08:00:00', '2026-01-06 08:55:00', 4),
(1131, 'LO131', 82, 1, '2026-01-06 10:00:00', '2026-01-06 18:00:00', '2026-01-06 10:10:00', '2026-01-06 18:15:00', 4),
(1132, 'LO132', 50, 80, '2026-01-06 14:00:00', '2026-01-06 16:00:00', '2026-01-06 14:15:00', '2026-01-06 16:20:00', 4),
(1133, 'LO133', 19, 39, '2026-01-07 07:00:00', '2026-01-07 08:45:00', '2026-01-07 07:05:00', '2026-01-07 08:50:00', 4),
(1134, 'LO134', 94, 9, '2026-01-07 20:00:00', '2026-01-08 10:00:00', '2026-01-07 20:00:00', '2026-01-08 09:50:00', 4),
(1135, 'LO135', 75, 88, '2026-01-07 11:00:00', '2026-01-07 14:00:00', NULL, NULL, 5),
(1136, 'LO136', 38, 43, '2026-01-08 17:00:00', '2026-01-08 18:30:00', '2026-01-08 17:10:00', '2026-01-08 18:45:00', 4),
(1137, 'LO137', 89, 21, '2026-01-08 14:00:00', '2026-01-08 23:00:00', '2026-01-08 14:05:00', '2026-01-08 23:10:00', 4),
(1138, 'LO138', 14, 85, '2026-01-08 09:00:00', '2026-01-08 12:00:00', '2026-01-08 09:00:00', '2026-01-08 11:55:00', 4),
(1139, 'LO139', 65, 12, '2026-01-09 19:00:00', '2026-01-10 01:00:00', '2026-01-09 19:15:00', '2026-01-10 01:20:00', 4),
(1140, 'LO140', 2, 49, '2026-01-09 08:00:00', '2026-01-09 09:30:00', '2026-01-09 08:05:00', '2026-01-09 09:40:00', 4),
(1141, 'LO141', 84, 13, '2026-01-09 11:00:00', '2026-01-09 19:00:00', '2026-01-09 11:00:00', '2026-01-09 19:05:00', 4),
(1142, 'LO142', 33, 90, '2026-01-10 16:00:00', '2026-01-10 17:15:00', '2026-01-10 16:10:00', '2026-01-10 17:30:00', 4),
(1143, 'LO143', 92, 10, '2026-01-10 22:00:00', '2026-01-11 10:00:00', '2026-01-10 22:05:00', '2026-01-11 10:10:00', 4),
(1144, 'LO144', 21, 15, '2026-01-10 09:00:00', '2026-01-10 09:50:00', '2026-01-10 09:00:00', '2026-01-10 09:55:00', 4),
(1145, 'LO145', 5, 46, '2026-01-11 09:00:00', '2026-01-11 10:30:00', '2026-01-11 09:10:00', '2026-01-11 10:45:00', 4),
(1146, 'LO146', 90, 8, '2026-01-11 15:00:00', '2026-01-12 05:00:00', '2026-01-11 15:20:00', '2026-01-12 05:30:00', 4),
(1147, 'LO147', 1, 16, '2026-01-11 10:00:00', '2026-01-11 18:30:00', '2026-01-11 10:00:00', '2026-01-11 18:25:00', 4),
(1148, 'LO148', 68, 44, '2026-01-12 14:00:00', '2026-01-12 17:00:00', '2026-01-12 14:05:00', '2026-01-12 17:10:00', 4),
(1149, 'LO149', 87, 11, '2026-01-12 13:00:00', '2026-01-12 22:00:00', '2026-01-12 13:10:00', '2026-01-12 22:15:00', 4),
(1150, 'LO150', 26, 42, '2026-01-12 11:00:00', '2026-01-12 15:00:00', '2026-01-12 11:00:00', '2026-01-12 15:05:00', 4),
(1151, 'LO151', 11, 74, '2026-01-13 10:00:00', '2026-01-13 13:30:00', '2026-01-13 10:05:00', '2026-01-13 13:40:00', 4),
(1152, 'LO152', 82, 10, '2026-01-13 10:00:00', '2026-01-13 18:00:00', '2026-01-13 10:00:00', '2026-01-13 18:10:00', 4),
(1153, 'LO153', 34, 71, '2026-01-13 07:00:00', '2026-01-13 08:30:00', '2026-01-13 07:05:00', '2026-01-13 08:35:00', 4),
(1154, 'LO154', 1, 3, '2026-01-14 12:00:00', '2026-01-14 20:30:00', '2026-01-14 12:15:00', '2026-01-14 20:50:00', 4),
(1155, 'LO155', 62, 54, '2026-01-14 08:00:00', '2026-01-14 09:00:00', '2026-01-14 08:00:00', '2026-01-14 09:10:00', 4),
(1156, 'LO156', 93, 2, '2026-01-14 08:00:00', '2026-01-14 22:00:00', '2026-01-14 08:20:00', '2026-01-14 22:30:00', 4),
(1157, 'LO157', 15, 61, '2026-01-15 14:00:00', '2026-01-15 17:30:00', '2026-01-15 14:00:00', '2026-01-15 17:25:00', 4),
(1158, 'LO158', 88, 11, '2026-01-15 14:00:00', '2026-01-15 22:30:00', '2026-01-15 14:10:00', '2026-01-15 22:45:00', 4),
(1159, 'LO159', 74, 56, '2026-01-15 12:00:00', '2026-01-15 15:30:00', NULL, NULL, 5),
(1160, 'LO160', 91, 5, '2026-01-16 13:00:00', '2026-01-17 05:00:00', NULL, NULL, 1),
(1161, 'LO161', 2, 73, '2026-01-16 16:00:00', '2026-01-16 17:30:00', NULL, NULL, 1),
(1162, 'LO162', 29, 87, '2026-01-16 08:00:00', '2026-01-16 09:00:00', NULL, NULL, 1),
(1163, 'LO163', 85, 9, '2026-01-17 13:00:00', '2026-01-17 23:00:00', NULL, NULL, 1),
(1164, 'LO164', 31, 48, '2026-01-17 16:00:00', '2026-01-17 17:15:00', NULL, NULL, 1),
(1165, 'LO165', 52, 99, '2026-01-17 14:00:00', '2026-01-17 15:30:00', NULL, NULL, 1),
(1166, 'LO166', 95, 12, '2026-01-18 12:00:00', '2026-01-19 02:00:00', NULL, NULL, 1),
(1167, 'LO167', 41, 89, '2026-01-18 18:00:00', '2026-01-18 19:30:00', NULL, NULL, 1),
(1168, 'LO168', 60, 24, '2026-01-18 15:00:00', '2026-01-18 16:00:00', NULL, NULL, 1),
(1169, 'LO169', 1, 3, '2026-01-19 12:00:00', '2026-01-19 20:30:00', NULL, NULL, 1),
(1170, 'LO170', 82, 4, '2026-01-19 10:00:00', '2026-01-19 18:00:00', NULL, NULL, 1),
(1171, 'LO171', 9, 36, '2026-01-19 07:00:00', '2026-01-19 08:15:00', NULL, NULL, 1),
(1172, 'LO172', 86, 6, '2026-01-20 10:00:00', '2026-01-20 19:00:00', NULL, NULL, 1),
(1173, 'LO173', 78, 79, '2026-01-20 09:00:00', '2026-01-20 10:15:00', NULL, NULL, 1),
(1174, 'LO174', 58, 68, '2026-01-20 11:00:00', '2026-01-20 12:15:00', NULL, NULL, 1),
(1175, 'LO175', 96, 5, '2026-01-21 21:00:00', '2026-01-22 08:00:00', NULL, NULL, 1),
(1176, 'LO176', 46, 62, '2026-01-21 18:00:00', '2026-01-21 19:15:00', NULL, NULL, 1),
(1177, 'LO177', 3, 53, '2026-01-21 16:00:00', '2026-01-21 18:15:00', NULL, NULL, 1),
(1178, 'LO178', 83, 7, '2026-01-22 11:00:00', '2026-01-22 22:00:00', NULL, NULL, 1),
(1179, 'LO179', 17, 76, '2026-01-22 12:00:00', '2026-01-22 14:00:00', NULL, NULL, 1),
(1180, 'LO180', 66, 27, '2026-01-22 09:00:00', '2026-01-22 15:00:00', NULL, NULL, 1),
(1181, 'LO181', 90, 8, '2026-01-23 15:00:00', '2026-01-24 05:00:00', NULL, NULL, 1),
(1182, 'LO182', 51, 91, '2026-01-23 11:00:00', '2026-01-23 13:00:00', NULL, NULL, 1),
(1183, 'LO183', 23, 67, '2026-01-23 09:00:00', '2026-01-23 10:00:00', NULL, NULL, 1),
(1184, 'LO184', 1, 10, '2026-01-24 12:00:00', '2026-01-24 20:30:00', NULL, NULL, 1),
(1185, 'LO185', 93, 9, '2026-01-24 18:00:00', '2026-01-25 08:00:00', NULL, NULL, 1),
(1186, 'LO186', 12, 63, '2026-01-24 08:00:00', '2026-01-24 11:00:00', NULL, NULL, 1),
(1187, 'LO187', 85, 9, '2026-01-25 13:00:00', '2026-01-25 23:00:00', NULL, NULL, 1),
(1188, 'LO188', 7, 72, '2026-01-25 07:00:00', '2026-01-25 09:00:00', NULL, NULL, 1),
(1189, 'LO189', 56, 100, '2026-01-25 06:00:00', '2026-01-25 09:00:00', NULL, NULL, 1),
(1190, 'LO190', 92, 2, '2026-01-26 22:00:00', '2026-01-27 10:00:00', NULL, NULL, 1),
(1191, 'LO191', 36, 98, '2026-01-26 17:00:00', '2026-01-26 19:00:00', NULL, NULL, 1),
(1192, 'LO192', 13, 97, '2026-01-26 08:00:00', '2026-01-26 10:15:00', NULL, NULL, 1),
(1193, 'LO193', 82, 96, '2026-01-27 10:00:00', '2026-01-27 18:00:00', NULL, NULL, 1),
(1194, 'LO194', 4, 94, '2026-01-27 14:00:00', '2026-01-27 15:45:00', NULL, NULL, 1),
(1195, 'LO195', 3, 31, '2026-01-27 10:00:00', '2026-01-27 12:15:00', NULL, NULL, 1),
(1196, 'LO196', 91, 5, '2026-01-28 13:00:00', '2026-01-29 05:00:00', NULL, NULL, 1),
(1197, 'LO197', 42, 75, '2026-01-28 13:00:00', '2026-01-28 15:30:00', NULL, NULL, 1),
(1198, 'LO198', 18, 58, '2026-01-28 10:00:00', '2026-01-28 12:00:00', NULL, NULL, 1),
(1199, 'LO199', 88, 11, '2026-01-29 15:00:00', '2026-01-29 23:30:00', NULL, NULL, 1),
(1200, 'LO200', 5, 20, '2026-01-29 12:00:00', '2026-01-29 13:30:00', NULL, NULL, 1),
(1201, 'LO201', 94, 9, '2026-01-29 20:00:00', '2026-01-30 10:00:00', NULL, NULL, 1),
(1202, 'LO202', 22, 51, '2026-01-30 07:00:00', '2026-01-30 08:00:00', NULL, NULL, 1),
(1203, 'LO203', 70, 77, '2026-01-30 14:00:00', '2026-01-30 16:30:00', NULL, NULL, 1),
(1204, 'LO204', 1, 3, '2026-01-30 12:00:00', '2026-01-30 20:30:00', NULL, NULL, 1),
(1205, 'LO205', 83, 6, '2026-01-31 11:00:00', '2026-01-31 22:00:00', NULL, NULL, 1),
(1206, 'LO206', 40, 70, '2026-01-31 07:30:00', '2026-01-31 08:45:00', NULL, NULL, 1),
(1207, 'LO207', 96, 5, '2026-01-31 21:00:00', '2026-02-01 08:00:00', NULL, NULL, 1),
(1208, 'LO208', 35, 66, '2026-02-01 18:00:00', '2026-02-01 20:00:00', NULL, NULL, 1),
(1209, 'LO209', 15, 30, '2026-02-01 12:00:00', '2026-02-01 15:30:00', NULL, NULL, 1),
(1210, 'LO210', 89, 21, '2026-02-01 14:00:00', '2026-02-01 23:00:00', NULL, NULL, 1),
(1211, 'LO211', 25, 41, '2026-02-02 14:00:00', '2026-02-02 16:00:00', NULL, NULL, 1),
(1212, 'LO212', 64, 14, '2026-02-02 20:00:00', '2026-02-03 02:00:00', NULL, NULL, 1),
(1213, 'LO213', 20, 40, '2026-02-02 10:00:00', '2026-02-02 11:30:00', NULL, NULL, 1),
(1214, 'LO214', 93, 2, '2026-02-03 08:00:00', '2026-02-03 22:00:00', NULL, NULL, 1),
(1215, 'LO215', 12, 28, '2026-02-03 17:00:00', '2026-02-03 20:00:00', NULL, NULL, 1),
(1216, 'LO216', 55, 18, '2026-02-03 08:00:00', '2026-02-03 11:30:00', NULL, NULL, 1),
(1217, 'LO217', 1, 10, '2026-02-04 12:00:00', '2026-02-04 20:30:00', NULL, NULL, 1),
(1218, 'LO218', 85, 9, '2026-02-04 06:00:00', '2026-02-04 16:00:00', NULL, NULL, 1),
(1219, 'LO219', 30, 55, '2026-02-04 09:00:00', '2026-02-04 09:50:00', NULL, NULL, 1),
(1220, 'LO220', 90, 8, '2026-02-05 15:00:00', '2026-02-06 05:00:00', NULL, NULL, 1),
(1221, 'LO221', 11, 25, '2026-02-05 11:00:00', '2026-02-05 14:30:00', NULL, NULL, 1),
(1222, 'LO222', 50, 80, '2026-02-05 10:00:00', '2026-02-05 12:00:00', NULL, NULL, 1),
(1223, 'LO223', 82, 4, '2026-02-06 10:00:00', '2026-02-06 18:00:00', NULL, NULL, 1),
(1224, 'LO224', 8, 50, '2026-02-06 13:00:00', '2026-02-06 14:15:00', NULL, NULL, 1),
(1225, 'LO225', 28, 52, '2026-02-06 18:00:00', '2026-02-06 18:50:00', NULL, NULL, 1),
(1226, 'LO226', 95, 12, '2026-02-07 12:00:00', '2026-02-08 02:00:00', NULL, NULL, 1),
(1227, 'LO227', 6, 45, '2026-02-07 08:00:00', '2026-02-07 10:00:00', NULL, NULL, 1),
(1228, 'LO228', 75, 88, '2026-02-07 09:00:00', '2026-02-07 12:00:00', NULL, NULL, 1),
(1229, 'LO229', 1, 16, '2026-02-08 10:00:00', '2026-02-08 18:30:00', NULL, NULL, 1),
(1230, 'LO230', 91, 5, '2026-02-08 13:00:00', '2026-02-09 05:00:00', NULL, NULL, 1),
(1231, 'LO231', 4, 7, '2026-02-08 14:00:00', '2026-02-08 15:45:00', NULL, NULL, 1),
(1232, 'LO232', 88, 11, '2026-02-09 15:00:00', '2026-02-09 23:30:00', NULL, NULL, 1),
(1233, 'LO233', 2, 15, '2026-02-09 07:00:00', '2026-02-09 08:30:00', NULL, NULL, 1),
(1234, 'LO234', 16, 35, '2026-02-09 22:00:00', '2026-02-10 01:30:00', NULL, NULL, 1),
(1235, 'LO235', 94, 9, '2026-02-10 20:00:00', '2026-02-11 10:00:00', NULL, NULL, 1),
(1236, 'LO236', 5, 12, '2026-02-10 18:00:00', '2026-02-10 19:30:00', NULL, NULL, 1),
(1237, 'LO237', 10, 60, '2026-02-10 09:30:00', '2026-02-10 10:45:00', NULL, NULL, 1),
(1238, 'LO238', 83, 6, '2026-02-11 11:00:00', '2026-02-11 22:00:00', NULL, NULL, 1),
(1239, 'LO239', 3, 22, '2026-02-11 09:00:00', '2026-02-11 11:15:00', NULL, NULL, 1),
(1240, 'LO240', 60, 29, '2026-02-11 16:30:00', '2026-02-11 17:30:00', NULL, NULL, 1),
(1241, 'LO241', 1, 3, '2026-02-12 12:00:00', '2026-02-12 20:30:00', NULL, NULL, 1),
(1242, 'LO242', 92, 10, '2026-02-12 22:00:00', '2026-02-13 10:00:00', NULL, NULL, 1),
(1243, 'LO243', 7, 33, '2026-02-12 16:00:00', '2026-02-12 18:00:00', NULL, NULL, 1),
(1244, 'LO244', 85, 9, '2026-02-13 13:00:00', '2026-02-13 23:00:00', NULL, NULL, 1),
(1245, 'LO245', 15, 20, '2026-02-13 12:00:00', '2026-02-13 15:30:00', NULL, NULL, 1),
(1246, 'LO246', 45, 95, '2026-02-13 19:00:00', '2026-02-13 20:45:00', NULL, NULL, 1),
(1247, 'LO247', 96, 5, '2026-02-14 21:00:00', '2026-02-15 08:00:00', NULL, NULL, 1),
(1248, 'LO248', 22, 50, '2026-02-14 08:00:00', '2026-02-14 08:55:00', NULL, NULL, 1),
(1249, 'LO249', 66, 14, '2026-02-14 20:00:00', '2026-02-15 02:00:00', NULL, NULL, 1),
(1250, 'LO250', 82, 1, '2026-02-15 11:00:00', '2026-02-15 19:00:00', NULL, NULL, 1),
(1251, 'LO251', 12, 51, '2026-02-15 11:00:00', '2026-02-15 13:30:00', NULL, NULL, 1),
(1252, 'LO252', 55, 60, '2026-02-15 16:00:00', '2026-02-15 19:30:00', NULL, NULL, 1),
(1253, 'LO253', 90, 8, '2026-02-16 15:00:00', '2026-02-17 05:00:00', NULL, NULL, 1),
(1254, 'LO254', 4, 12, '2026-02-16 06:00:00', '2026-02-16 07:45:00', NULL, NULL, 1),
(1255, 'LO255', 35, 18, '2026-02-16 07:00:00', '2026-02-16 09:05:00', NULL, NULL, 1),
(1256, 'LO256', 87, 11, '2026-02-17 13:00:00', '2026-02-17 22:00:00', NULL, NULL, 1),
(1257, 'LO257', 10, 44, '2026-02-17 09:00:00', '2026-02-17 10:15:00', NULL, NULL, 1),
(1258, 'LO258', 26, 42, '2026-02-17 11:00:00', '2026-02-17 15:00:00', NULL, NULL, 1),
(1259, 'LO259', 93, 7, '2026-02-18 18:00:00', '2026-02-19 08:00:00', NULL, NULL, 1),
(1260, 'LO260', 1, 3, '2026-02-18 12:00:00', '2026-02-18 20:30:00', NULL, NULL, 1),
(1261, 'LO261', 8, 30, '2026-02-18 18:00:00', '2026-02-18 19:15:00', NULL, NULL, 1),
(1262, 'LO262', 82, 10, '2026-02-19 10:00:00', '2026-02-19 18:00:00', NULL, NULL, 1),
(1263, 'LO263', 70, 77, '2026-02-19 14:00:00', '2026-02-19 16:30:00', NULL, NULL, 1),
(1264, 'LO264', 3, 25, '2026-02-19 07:00:00', '2026-02-19 09:15:00', NULL, NULL, 1),
(1265, 'LO265', 91, 2, '2026-02-20 13:00:00', '2026-02-21 05:00:00', NULL, NULL, 1),
(1266, 'LO266', 34, 71, '2026-02-20 07:00:00', '2026-02-20 08:30:00', NULL, NULL, 1),
(1267, 'LO267', 18, 33, '2026-02-20 12:00:00', '2026-02-20 14:00:00', NULL, NULL, 1),
(1268, 'LO268', 84, 13, '2026-02-21 11:00:00', '2026-02-21 19:00:00', NULL, NULL, 1),
(1269, 'LO269', 5, 22, '2026-02-21 14:00:00', '2026-02-21 15:30:00', NULL, NULL, 1),
(1270, 'LO270', 65, 12, '2026-02-21 19:00:00', '2026-02-22 01:00:00', NULL, NULL, 1),
(1271, 'LO271', 89, 21, '2026-02-22 14:00:00', '2026-02-22 23:00:00', NULL, NULL, 1),
(1272, 'LO272', 14, 85, '2026-02-22 09:00:00', '2026-02-22 12:00:00', NULL, NULL, 1),
(1273, 'LO273', 40, 70, '2026-02-22 10:00:00', '2026-02-22 11:15:00', NULL, NULL, 1),
(1274, 'LO274', 94, 9, '2026-02-23 20:00:00', '2026-02-24 10:00:00', NULL, NULL, 1),
(1275, 'LO275', 2, 49, '2026-02-23 08:00:00', '2026-02-23 09:30:00', NULL, NULL, 1),
(1276, 'LO276', 33, 90, '2026-02-23 16:00:00', '2026-02-23 17:15:00', NULL, NULL, 1),
(1277, 'LO277', 83, 6, '2026-02-24 11:00:00', '2026-02-24 22:00:00', NULL, NULL, 1),
(1278, 'LO278', 38, 43, '2026-02-24 17:00:00', '2026-02-24 18:30:00', NULL, NULL, 1),
(1279, 'LO279', 52, 99, '2026-02-24 14:00:00', '2026-02-24 15:30:00', NULL, NULL, 1),
(1280, 'LO280', 92, 10, '2026-02-25 22:00:00', '2026-02-26 10:00:00', NULL, NULL, 1),
(1281, 'LO281', 6, 28, '2026-02-25 16:00:00', '2026-02-25 18:00:00', NULL, NULL, 1),
(1282, 'LO282', 74, 56, '2026-02-25 12:00:00', '2026-02-25 15:30:00', NULL, NULL, 1),
(1283, 'LO283', 82, 4, '2026-02-26 10:00:00', '2026-02-26 18:00:00', NULL, NULL, 1),
(1284, 'LO284', 19, 39, '2026-02-26 07:00:00', '2026-02-26 08:45:00', NULL, NULL, 1),
(1285, 'LO285', 62, 54, '2026-02-26 08:00:00', '2026-02-26 09:00:00', NULL, NULL, 1),
(1286, 'LO286', 1, 3, '2026-02-27 12:00:00', '2026-02-27 20:30:00', NULL, NULL, 1),
(1287, 'LO287', 31, 48, '2026-02-27 16:00:00', '2026-02-27 17:15:00', NULL, NULL, 1),
(1288, 'LO288', 88, 11, '2026-02-27 15:00:00', '2026-02-27 23:30:00', NULL, NULL, 1),
(1289, 'LO289', 96, 5, '2026-02-28 21:00:00', '2026-03-01 08:00:00', NULL, NULL, 1),
(1290, 'LO290', 5, 46, '2026-02-28 09:00:00', '2026-02-28 10:30:00', NULL, NULL, 1),
(1291, 'LO291', 11, 74, '2026-02-28 10:00:00', '2026-02-28 13:30:00', NULL, NULL, 1),
(1292, 'LO292', 85, 9, '2026-03-01 13:00:00', '2026-03-01 23:00:00', NULL, NULL, 1),
(1293, 'LO293', 21, 15, '2026-03-01 09:00:00', '2026-03-01 09:50:00', NULL, NULL, 1),
(1294, 'LO294', 41, 89, '2026-03-01 18:00:00', '2026-03-01 19:30:00', NULL, NULL, 1),
(1295, 'LO295', 91, 5, '2026-03-02 13:00:00', '2026-03-03 05:00:00', NULL, NULL, 1),
(1296, 'LO296', 68, 44, '2026-03-02 14:00:00', '2026-03-02 17:00:00', NULL, NULL, 1),
(1297, 'LO297', 15, 61, '2026-03-02 14:00:00', '2026-03-02 17:30:00', NULL, NULL, 1),
(1298, 'LO298', 86, 6, '2026-03-03 10:00:00', '2026-03-03 19:00:00', NULL, NULL, 1),
(1299, 'LO299', 9, 36, '2026-03-03 07:00:00', '2026-03-03 08:15:00', NULL, NULL, 1),
(1300, 'LO300', 60, 24, '2026-03-03 15:00:00', '2026-03-03 16:00:00', NULL, NULL, 1),
(1301, 'LO301', 93, 2, '2026-03-04 08:00:00', '2026-03-04 22:00:00', NULL, NULL, 1);
-- 7. Pasazerowie (200 wierszy - wymagana duża liczba)
INSERT INTO Pasazerowie (PasazerID, Imie, Nazwisko, DataUrodzenia, Email) VALUES
(2001, 'Anna', 'Kowalska', '1985-05-10', 'anna.kowalska@example.com'),
(2002, 'Piotr', 'Nowak', '1990-01-15', 'piotr.nowak@example.com'),
(2003, 'Ewa', 'Wiśniewska', '1978-11-20', 'ewa.wisniewska@example.com'),
(2004, 'Adam', 'Wójcik', '2000-03-01', 'adam.wojcik@example.com'),
(2005, 'Katarzyna', 'Kowalczyk', '1995-07-07', 'katarzyna.kowalczyk@example.com'),
(2006, 'Marcin', 'Zieliński', '1982-04-22', 'marcin.zielinski@example.com'),
(2007, 'Magdalena', 'Szymańska', '1998-09-11', 'magda.szymanska@example.com'),
(2008, 'Jan', 'Dąbrowski', '1970-06-05', 'jan.dabrowski@example.com'),
(2009, 'Natalia', 'Lewandowska', '1993-12-30', 'natalia.lewandowska@example.com'),
(2010, 'Robert', 'Wójcik', '1988-02-18', 'robert.wojcik@example.com'),
(2011, 'Alicja', 'Kowalska', '1985-05-10', 'alicja.kowalska@example.pl'),
(2012, 'Bartosz', 'Nowak', '1990-01-15', 'bartosz.nowak@example.pl'),
(2013, 'Celina', 'Wiśniewska', '1978-11-20', 'celina.wisniewska@example.pl'),
(2014, 'Dariusz', 'Wójcik', '2000-03-01', 'dariusz.wojcik@example.pl'),
(2015, 'Eliza', 'Kowalczyk', '1995-07-07', 'eliza.kowalczyk@example.pl'),
(2016, 'Filip', 'Zieliński', '1982-04-22', 'filip.zielinski@example.pl'),
(2017, 'Grażyna', 'Szymańska', '1998-09-11', 'grazyna.szymanska@example.pl'),
(2018, 'Henryk', 'Dąbrowski', '1970-06-05', 'henryk.dabrowski@example.pl'),
(2019, 'Irena', 'Lewandowska', '1993-12-30', 'irena.lewandowska@example.pl'),
(2020, 'Jacek', 'Wójcik', '1988-02-18', 'jacek.wojcik@example.pl'),
(2021, 'Kinga', 'Zając', '1980-01-01', 'kinga.zajac@example.com'),
(2022, 'Lech', 'Kaczmarek', '1991-02-02', 'lech.kaczmarek@example.com'),
(2023, 'Monika', 'Krawczyk', '1975-03-03', 'monika.krawczyk@example.com'),
(2024, 'Norbert', 'Piotrowski', '2001-04-04', 'norbert.piotrowski@example.com'),
(2025, 'Olga', 'Grabowska', '1996-05-05', 'olga.grabowska@example.com'),
(2026, 'Paweł', 'Górski', '1983-06-06', 'pawel.gorski@example.com'),
(2027, 'Renata', 'Jankowska', '1997-07-07', 'renata.jankowska@example.com'),
(2028, 'Szymon', 'Mazur', '1971-08-08', 'szymon.mazur@example.com'),
(2029, 'Teresa', 'Klimek', '1994-09-09', 'teresa.klimek@example.com'),
(2030, 'Urszula', 'Bąk', '1989-10-10', 'urszula.bak@example.com'),
(2031, 'Wojciech', 'Duda', '1984-11-11', 'wojciech.duda@example.com'),
(2032, 'Xenia', 'Lis', '1999-12-12', 'xenia.lis@example.com'),
(2033, 'Yvone', 'Różycka', '1976-01-13', 'yvone.rozycka@example.com'),
(2034, 'Zenon', 'Kruk', '2002-02-14', 'zenon.kruk@example.com'),
(2035, 'Anastazja', 'Kubiak', '1992-03-15', 'anastazja.kubiak@example.com'),
(2036, 'Barnaba', 'Ziółkowski', '1987-04-16', 'barnaba.ziolkowski@example.com'),
(2037, 'Cecylia', 'Gajda', '1981-05-17', 'cecylia.gajda@example.com'),
(2038, 'Damian', 'Jaworski', '1996-06-18', 'damian.jaworski@example.com'),
(2039, 'Estera', 'Wróbel', '1974-07-19', 'estera.wrobel@example.com'),
(2040, 'Feliks', 'Stępień', '1990-08-20', 'feliks.stepien@example.com'),
(2041, 'Grażyna', 'Pawlak', '1986-09-21', 'grazyna.pawlak@example.com'),
(2042, 'Hubert', 'Walczak', '1993-10-22', 'hubert.walczak@example.com'),
(2043, 'Igor', 'Baran', '1979-11-23', 'igor.baran@example.com'),
(2044, 'Judyta', 'Michalak', '2003-12-24', 'judyta.michalak@example.com'),
(2045, 'Karol', 'Czarnecki', '1988-01-25', 'karol.czarnecki@example.com'),
(2046, 'Lena', 'Kozłowska', '1995-02-26', 'lena.kozlowska@example.com'),
(2047, 'Michał', 'Włodarczyk', '1977-03-27', 'michal.wlodarczyk@example.com'),
(2048, 'Nadia', 'Krzemińska', '1991-04-28', 'nadia.krzeninska@example.com'),
(2049, 'Oskar', 'Jasiński', '1982-05-29', 'oskar.jasinski@example.com'),
(2050, 'Patrycja', 'Mazurek', '1998-06-30', 'patrycja.mazurek@example.com'),
(2051, 'Sebastian', 'Dudek', '1983-05-14', 'sebastian.dudek@example.com'),
(2052, 'Marta', 'Zajkowska', '1995-11-20', 'marta.zajkowska@example.pl'),
(2053, 'Krzysztof', 'Pawłowski', '1976-02-10', 'krzysztof.pawlowski@poczta.fm'),
(2054, 'Agata', 'Wesołowska', '2001-07-08', 'agata.wesolowska@example.com'),
(2055, 'Łukasz', 'Sikora', '1989-12-05', 'lukasz.sikora@example.eu'),
(2056, 'Dorota', 'Baranowska', '1965-03-30', 'dorota.baranowska@example.com'),
(2057, 'Rafał', 'Rutkowski', '1990-09-17', 'rafal.rutkowski@example.pl'),
(2058, 'Joanna', 'Adamska', '1982-06-25', 'joanna.adamska@example.com'),
(2059, 'Grzegorz', 'Szewczyk', '1979-01-12', 'grzegorz.szewczyk@example.pl'),
(2060, 'Karolina', 'Głowacka', '1998-04-14', 'karolina.glowacka@example.com'),
(2061, 'Mateusz', 'Zakrzewski', '1993-08-22', 'mateusz.zakrzewski@example.eu'),
(2062, 'Paulina', 'Krajewska', '2000-10-02', 'paulina.krajewska@example.com'),
(2063, 'Włodzimierz', 'Tomaszewski', '1955-12-19', 'wlodzimierz.tomaszewski@example.pl'),
(2064, 'Barbara', 'Pietrzak', '1968-05-04', 'barbara.pietrzak@example.com'),
(2065, 'Andrzej', 'Marciniak', '1972-11-28', 'andrzej.marciniak@example.com'),
(2066, 'Małgorzata', 'Wróblewska', '1985-02-15', 'malgorzata.wroblewska@example.pl'),
(2067, 'Tadeusz', 'Jakubowski', '1960-07-21', 'tadeusz.jakubowski@example.com'),
(2068, 'Sylwia', 'Czerwińska', '1991-03-09', 'sylwia.czerwinska@example.com'),
(2069, 'Dominik', 'Błaszczyk', '1996-09-30', 'dominik.blaszczyk@example.eu'),
(2070, 'Halina', 'Szulc', '1959-06-11', 'halina.szulc@example.com'),
(2071, 'Jerzy', 'Gajewski', '1952-01-25', 'jerzy.gajewski@example.pl'),
(2072, 'Justyna', 'Malinowska', '1988-04-18', 'justyna.malinowska@example.com'),
(2073, 'Ryszard', 'Stasiak', '1963-08-05', 'ryszard.stasiak@example.com'),
(2074, 'Izabela', 'Brzezińska', '1994-12-12', 'izabela.brzezinska@example.pl'),
(2075, 'Mariusz', 'Laskowski', '1977-10-29', 'mariusz.laskowski@example.com'),
(2076, 'Beata', 'Kiwior', '1981-05-23', 'beata.kiwior@example.com'),
(2077, 'Konrad', 'Makowski', '1999-02-02', 'konrad.makowski@example.eu'),
(2078, 'Aneta', 'Cieślak', '1986-07-15', 'aneta.cieslak@example.com'),
(2079, 'Przemysław', 'Kaźmierczak', '1984-11-08', 'przemek.kazmierczak@example.pl'),
(2080, 'Daria', 'Wojciechowska', '1997-03-22', 'daria.wojciechowska@example.com'),
(2081, 'Marek', 'Kwiatkowski', '1969-09-10', 'marek.kwiatkowski@example.com'),
(2082, 'Ewelina', 'Kaczmarczyk', '1992-01-30', 'ewelina.kaczmarczyk@example.pl'),
(2083, 'Kamil', 'Kozioł', '1990-06-14', 'kamil.koziol@example.com'),
(2084, 'Weronika', 'Sobczak', '2002-12-01', 'weronika.sobczak@example.com'),
(2085, 'Sławomir', 'Konieczny', '1974-04-20', 'slawomir.konieczny@example.com'),
(2086, 'Mirosława', 'Urbańska', '1962-08-27', 'miroslawa.urbanska@example.pl'),
(2087, 'Jarosław', 'Wysocki', '1967-10-11', 'jaroslaw.wysocki@example.com'),
(2088, 'Natalia', 'Mróz', '1995-02-28', 'natalia.mroz@example.eu'),
(2089, 'Dawid', 'Krupa', '1987-05-19', 'dawid.krupa@example.com'),
(2090, 'Angelika', 'Sawicka', '1993-11-07', 'angelika.sawicka@example.com'),
(2091, 'Artur', 'Sokołowski', '1980-03-03', 'artur.sokolowski@example.pl'),
(2092, 'Lidia', 'Szczepańska', '1971-07-25', 'lidia.szczepanska@example.com'),
(2093, 'Błażej', 'Kucharski', '1991-12-15', 'blazej.kucharski@example.com'),
(2094, 'Klaudia', 'Kalinowska', '1998-09-02', 'klaudia.kalinowska@example.com'),
(2095, 'Emil', 'Lisowski', '1985-01-18', 'emil.lisowski@example.eu'),
(2096, 'Iwona', 'Mazurek', '1966-06-06', 'iwona.mazurek@example.pl'),
(2097, 'Witold', 'Kubiak', '1958-10-30', 'witold.kubiak@example.com'),
(2098, 'Bożena', 'Kołodziej', '1964-04-12', 'bozena.kolodziej@example.com'),
(2099, 'Zbigniew', 'Borkowski', '1956-08-20', 'zbigniew.borkowski@example.com'),
(2100, 'Zuzanna', 'Olszewska', '2003-02-05', 'zuzanna.olszewska@example.pl'),
(2101, 'Maciej', 'Czarnecki', '1988-11-14', 'maciej.czarnecki@example.com'),
(2102, 'Aleksandra', 'Sobolewska', '1994-05-22', 'aleksandra.sobolewska@example.com'),
(2103, 'Janusz', 'Kurek', '1973-09-09', 'janusz.kurek@example.eu'),
(2104, 'Adrianna', 'Mielczarek', '1997-12-28', 'adrianna.mielczarek@example.com'),
(2105, 'Daniel', 'Rogowski', '1982-01-08', 'daniel.rogowski@example.pl'),
(2106, 'Monika', 'Masłowska', '1986-06-19', 'monika.maslowska@example.com'),
(2107, 'Arkadiusz', 'Klimek', '1979-10-04', 'arkadiusz.klimek@example.com'),
(2108, 'Hanna', 'Domagała', '2001-03-15', 'hanna.domagala@example.com'),
(2109, 'Piotr', 'Książek', '1990-07-29', 'piotr.ksiazek@example.eu'),
(2110, 'Gabriela', 'Jarosz', '1995-11-06', 'gabriela.jarosz@example.com'),
(2111, 'Maksymilian', 'Górecki', '1992-02-14', 'maks.gorecki@example.pl'),
(2112, 'Elżbieta', 'Chmielewska', '1961-08-25', 'elzbieta.chmielewska@example.com'),
(2113, 'Stefan', 'Majewski', '1954-12-09', 'stefan.majewski@example.com'),
(2114, 'Kamila', 'Cybul', '1999-04-03', 'kamila.cybul@example.com'),
(2115, 'Dariusz', 'Wawrzyniak', '1975-09-18', 'dariusz.wawrzyniak@example.pl'),
(2116, 'Edyta', 'Skowrońska', '1983-01-22', 'edyta.skowronska@example.com'),
(2117, 'Bogdan', 'Zięba', '1966-05-31', 'bogdan.zieba@example.com'),
(2118, 'Patryk', 'Domański', '1996-10-12', 'patryk.domanski@example.eu'),
(2119, 'Kinga', 'Nowicka', '1993-02-24', 'kinga.nowicka@example.com'),
(2120, 'Cezary', 'Urban', '1981-06-08', 'cezary.urban@example.com'),
(2121, 'Wioletta', 'Markowska', '1978-11-17', 'wioletta.markowska@example.pl'),
(2122, 'Filip', 'Tomczak', '2000-03-28', 'filip.tomczak@example.com'),
(2123, 'Marzena', 'Sikorska', '1970-07-07', 'marzena.sikorska@example.com'),
(2124, 'Leszek', 'Jóźwiak', '1963-12-31', 'leszek.jozwiak@example.com'),
(2125, 'Milena', 'Gajda', '1994-04-16', 'milena.gajda@example.eu'),
(2126, 'Tomasz', 'Pawlak', '1984-08-26', 'tomasz.pawlak@example.com'),
(2127, 'Julia', 'Mikołajczyk', '2002-01-11', 'julia.mikolajczyk@example.pl'),
(2128, 'Łucja', 'Grochowska', '1957-09-23', 'lucja.grochowska@example.com'),
(2129, 'Bartłomiej', 'Nawrocki', '1989-05-02', 'bartek.nawrocki@example.com'),
(2130, 'Danuta', 'Kasprzak', '1960-10-21', 'danuta.kasprzak@example.com'),
(2131, 'Zygmunt', 'Piątek', '1953-02-18', 'zygmunt.piatek@example.pl'),
(2132, 'Anna', 'Grzelak', '1991-06-30', 'anna.grzelak@example.com'),
(2133, 'Wiktor', 'Walczak', '1997-12-10', 'wiktor.walczak@example.com'),
(2134, 'Ewa', 'Sowa', '1976-03-25', 'ewa.sowa@example.eu'),
(2135, 'Miłosz', 'Wziątek', '1990-07-13', 'milosz.wziatek@example.com'),
(2136, 'Oliwia', 'Krupińska', '1999-11-29', 'oliwia.krupinska@example.com'),
(2137, 'Jacek', 'Zwoliński', '1985-04-09', 'jacek.zwolinski@example.pl'),
(2138, 'Agnieszka', 'Matusiak', '1980-08-16', 'agnieszka.matusiak@example.com'),
(2139, 'Kazimierz', 'Ratajczak', '1959-12-05', 'kazimierz.ratajczak@example.com'),
(2140, 'Magdalena', 'Michalska', '1987-01-19', 'magda.michalska@example.com'),
(2141, 'Robert', 'Orłowski', '1974-05-28', 'robert.orlowski@example.eu'),
(2142, 'Jolanta', 'Dudzińska', '1965-09-06', 'jolanta.dudzinska@example.com'),
(2143, 'Igor', 'Barański', '1996-02-15', 'igor.baranski@example.pl'),
(2144, 'Sandra', 'Wilk', '1993-06-21', 'sandra.wilk@example.com'),
(2145, 'Adrian', 'Stępień', '1992-10-31', 'adrian.stepien@example.com'),
(2146, 'Alicja', 'Bednarek', '1982-03-12', 'alicja.bednarek@example.com'),
(2147, 'Gracjan', 'Piasecki', '1998-07-23', 'gracjan.piasecki@example.eu'),
(2148, 'Karina', 'Witek', '1989-11-03', 'karina.witek@example.com'),
(2149, 'Krystian', 'Skrzypek', '1986-04-26', 'krystian.skrzypek@example.pl'),
(2150, 'Zofia', 'Niedziela', '1955-08-08', 'zofia.niedziela@example.com'),
(2151, 'Nikodem', 'Jurek', '2003-12-14', 'nikodem.jurek@example.com'),
(2152, 'Roksana', 'Marzec', '1995-01-20', 'roksana.marzec@example.com'),
(2153, 'Bartosz', 'Kozak', '1983-05-27', 'bartosz.kozak@example.eu'),
(2154, 'Renata', 'Szewczuk', '1972-09-16', 'renata.szewczuk@example.com'),
(2155, 'Norbert', 'Chrzanowski', '1977-02-04', 'norbert.chrzanowski@example.pl'),
(2156, 'Teresa', 'Małecka', '1961-10-25', 'teresa.malecka@example.com'),
(2157, 'Hubert', 'Kowalik', '1991-03-13', 'hubert.kowalik@example.com'),
(2158, 'Marlena', 'Pająk', '1988-07-30', 'marlena.pajak@example.com'),
(2159, 'Oskar', 'Bąk', '1994-11-21', 'oskar.bak@example.eu'),
(2160, 'Dagmara', 'Chmiel', '1997-04-06', 'dagmara.chmiel@example.com'),
(2161, 'Waldemar', 'Jastrzębski', '1969-08-14', 'waldemar.jastrzebski@example.pl'),
(2162, 'Lucyna', 'Góra', '1964-12-29', 'lucyna.gora@example.com'),
(2163, 'Jan', 'Banach', '1958-01-09', 'jan.banach@example.com'),
(2164, 'Anita', 'Kobus', '1990-06-18', 'anita.kobus@example.com'),
(2165, 'Szymon', 'Kulig', '1981-09-26', 'szymon.kulig@example.eu'),
(2166, 'Malwina', 'Dębska', '1992-02-11', 'malwina.debska@example.com'),
(2167, 'Eryk', 'Bogusz', '1996-05-20', 'eryk.bogusz@example.pl'),
(2168, 'Katarzyna', 'Mucha', '1979-10-08', 'katarzyna.mucha@example.com'),
(2169, 'Adam', 'Lipinski', '1984-03-24', 'adam.lipinski@example.com'),
(2170, 'Wanda', 'Szymczak', '1956-07-16', 'wanda.szymczak@example.com'),
(2171, 'Józef', 'Kozieł', '1953-11-30', 'jozef.koziel@example.eu'),
(2172, 'Irena', 'Janik', '1968-04-10', 'irena.janik@example.com'),
(2173, 'Roman', 'Więckowski', '1975-08-22', 'roman.wieckowski@example.pl'),
(2174, 'Ewa', 'Grudzień', '1987-12-03', 'ewa.grudzien@example.com'),
(2175, 'Marcel', 'Kurek', '2001-01-28', 'marcel.kurek@example.com'),
(2176, 'Olga', 'Rybarczyk', '1999-06-07', 'olga.rybarczyk@example.com'),
(2177, 'Antoni', 'Borek', '1962-09-13', 'antoni.borek@example.eu'),
(2178, 'Maria', 'Sroka', '1971-02-23', 'maria.sroka@example.com'),
(2179, 'Paweł', 'Krupa', '1985-05-31', 'pawel.krupa@example.pl'),
(2180, 'Agata', 'Koper', '1993-10-19', 'agata.koper@example.com'),
(2181, 'Michał', 'Jagiełło', '1980-03-05', 'michal.jagiello@example.com'),
(2182, 'Paulina', 'Izdebska', '1995-07-26', 'paulina.izdebska@example.com'),
(2183, 'Krzysztof', 'Urbanowicz', '1976-12-08', 'krzysztof.urbanowicz@example.eu'),
(2184, 'Grażyna', 'Mierzejewska', '1967-04-15', 'grazyna.mierzejewska@example.com'),
(2185, 'Henryk', 'Górny', '1959-08-29', 'henryk.gorny@example.pl'),
(2186, 'Monika', 'Białek', '1989-01-14', 'monika.bialek@example.com'),
(2187, 'Radosław', 'Kita', '1983-06-02', 'radoslaw.kita@example.com'),
(2188, 'Anna', 'Dziuba', '1991-11-12', 'anna.dziuba@example.com'),
(2189, 'Łukasz', 'Mika', '1994-03-21', 'lukasz.mika@example.eu'),
(2190, 'Martyna', 'Wasiak', '1998-09-07', 'martyna.wasiak@example.com'),
(2191, 'Damian', 'Filipowicz', '1986-02-16', 'damian.filipowicz@example.pl'),
(2192, 'Lidia', 'Budzyńska', '1973-05-09', 'lidia.budzynska@example.com'),
(2193, 'Jarosław', 'Kwiecień', '1965-10-27', 'jaroslaw.kwiecien@example.com'),
(2194, 'Sylwia', 'Sosnowska', '1996-01-31', 'sylwia.sosnowska@example.eu'),
(2195, 'Kamil', 'Karczewski', '1990-08-04', 'kamil.karczewski@example.com'),
(2196, 'Patrycja', 'Bednarczyk', '2000-12-16', 'patrycja.bednarczyk@example.pl'),
(2197, 'Wojciech', 'Biela', '1978-04-23', 'wojciech.biela@example.com'),
(2198, 'Dominika', 'Łuczak', '1992-07-03', 'dominika.luczak@example.com'),
(2199, 'Mateusz', 'Wrona', '1982-11-09', 'mateusz.wrona@example.com'),
(2200, 'Zuzanna', 'Sieradzka', '1970-03-18', 'zuzanna.sieradzka@example.eu');


-- 8. Rezerwacje (300 wierszy)
-- Duża liczba rezerwacji dla demonstracji relacji Loty:Pasazerowie
INSERT INTO Rezerwacje (RezerwacjaID, LotID, PasazerID, NumerMiejsca) VALUES
(3002, 1001, 2002, '1B'),
(3003, 1001, 2003, '1C'),
(3004, 1001, 2004, '2A'),
(3005, 1001, 2005, '2B'),
(3006, 1001, 2006, '2C'),
(3007, 1002, 2007, '5A'),
(3008, 1002, 2008, '5B'),
(3009, 1002, 2009, '5C'),
(3010, 1002, 2010, '6D'),
(3011, 1002, 2011, '6E'),
(3012, 1003, 2012, '10A'),
(3013, 1003, 2013, '10B'),
(3014, 1003, 2014, '10C'),
(3015, 1004, 2015, '12F'),
(3016, 1004, 2016, '12E'),
(3017, 1004, 2017, '14A'),
(3018, 1004, 2018, '14B'),
(3019, 1005, 2019, '3A'),
(3020, 1005, 2020, '3C'),
(3021, 1005, 2021, '4A'),
(3022, 1006, 2022, '1A'),
(3023, 1006, 2023, '1B'),
(3024, 1007, 2024, '20A'),
(3025, 1007, 2025, '20B'),
(3026, 1007, 2026, '20C'),
(3027, 1007, 2027, '21D'),
(3028, 1007, 2028, '21E'),
(3029, 1007, 2029, '21F'),
(3030, 1008, 2030, '7A'),
(3031, 1008, 2031, '7B'),
(3032, 1008, 2032, '7C'),
(3033, 1009, 2033, '15A'),
(3034, 1009, 2034, '15B'),
(3035, 1009, 2035, '15C'),
(3036, 1009, 2036, '15D'),
(3037, 1010, 2037, '2A'),
(3038, 1010, 2038, '2C'),
(3039, 1011, 2039, '5A'),
(3040, 1011, 2040, '5F'),
(3041, 1012, 2041, '30A'),
(3042, 1012, 2042, '30B'),
(3043, 1012, 2043, '30C'),
(3044, 1012, 2044, '31A'),
(3045, 1012, 2045, '31B'),
(3046, 1013, 2046, '8D'),
(3047, 1013, 2047, '8E'),
(3048, 1013, 2048, '8F'),
(3049, 1014, 2049, '11A'),
(3050, 1014, 2050, '11B'),
(3051, 1015, 2051, '4C'),
(3052, 1015, 2052, '4D'),
(3053, 1015, 2053, '5C'),
(3054, 1015, 2054, '5D'),
(3055, 1016, 2055, '18A'),
(3056, 1016, 2056, '18B'),
(3057, 1016, 2057, '18C'),
(3058, 1017, 2058, '9A'),
(3059, 1017, 2059, '9B'),
(3060, 1017, 2060, '9C'),
(3061, 1018, 2061, '12A'),
(3062, 1018, 2062, '12F'),
(3063, 1019, 2063, '22D'),
(3064, 1019, 2064, '22E'),
(3065, 1019, 2065, '22F'),
(3066, 1020, 2066, '3A'),
(3067, 1020, 2067, '3B'),
(3068, 1020, 2068, '3C'),
(3069, 1021, 2069, '6A'),
(3070, 1021, 2070, '6B'),
(3071, 1022, 2071, '40A'),
(3072, 1022, 2072, '40C'),
(3073, 1022, 2073, '41A'),
(3074, 1022, 2074, '41C'),
(3075, 1023, 2075, '10D'),
(3076, 1023, 2076, '10E'),
(3077, 1023, 2077, '10F'),
(3078, 1024, 2078, '1A'),
(3079, 1024, 2079, '1F'),
(3080, 1025, 2080, '14C'),
(3081, 1025, 2081, '14D'),
(3082, 1026, 2082, '5A'),
(3083, 1026, 2083, '5B'),
(3084, 1026, 2084, '5C'),
(3085, 1027, 2085, '19A'),
(3086, 1027, 2086, '19B'),
(3087, 1027, 2087, '19C'),
(3088, 1028, 2088, '2A'),
(3089, 1028, 2089, '2B'),
(3090, 1029, 2090, '7D'),
(3091, 1029, 2091, '7E'),
(3092, 1029, 2092, '7F'),
(3093, 1030, 2093, '11C'),
(3094, 1030, 2094, '11D'),
(3095, 1031, 2095, '8A'),
(3096, 1031, 2096, '8F'),
(3097, 1032, 2097, '25A'),
(3098, 1032, 2098, '25B'),
(3099, 1032, 2099, '25C'),
(3100, 1032, 2100, '26A'),
(3101, 1032, 2101, '26B'),
(3102, 1032, 2102, '26C'),
(3103, 1033, 2103, '12A'),
(3104, 1033, 2104, '12B'),
(3105, 1034, 2105, '16D'),
(3106, 1034, 2106, '16E'),
(3107, 1034, 2107, '16F'),
(3108, 1035, 2108, '50A'),
(3109, 1035, 2109, '50B'),
(3110, 1035, 2110, '50C'),
(3111, 1036, 2111, '4A'),
(3112, 1036, 2112, '4B'),
(3113, 1036, 2113, '4C'),
(3114, 1037, 2114, '9D'),
(3115, 1037, 2115, '9E'),
(3116, 1038, 2116, '1A'),
(3117, 1038, 2117, '1K'),
(3118, 1039, 2118, '2C'),
(3119, 1039, 2119, '2D'),
(3120, 1040, 2120, '15A'),
(3121, 1040, 2121, '15C'),
(3122, 1040, 2122, '15H'),
(3123, 1040, 2123, '15K'),
(3124, 1041, 2124, '3A'),
(3125, 1041, 2125, '3B'),
(3126, 1041, 2126, '3C'),
(3127, 1042, 2127, '22A'),
(3128, 1042, 2128, '22B'),
(3129, 1042, 2129, '22C'),
(3130, 1043, 2130, '55A'),
(3131, 1043, 2131, '55B'),
(3132, 1043, 2132, '55C'),
(3133, 1043, 2133, '56A'),
(3134, 1043, 2134, '56B'),
(3135, 1044, 2135, '10A'),
(3136, 1044, 2136, '10F'),
(3137, 1045, 2137, '6C'),
(3138, 1045, 2138, '6D'),
(3139, 1046, 2139, '30D'),
(3140, 1046, 2140, '30E'),
(3141, 1046, 2141, '30F'),
(3142, 1047, 2142, '12C'),
(3143, 1047, 2143, '12D'),
(3144, 1048, 2144, '18A'),
(3145, 1048, 2145, '18F'),
(3146, 1049, 2146, '5A'),
(3147, 1049, 2147, '5B'),
(3148, 1049, 2148, '5C'),
(3149, 1050, 2149, '7A'),
(3150, 1050, 2150, '7B'),
(3151, 1051, 2151, '1A'),
(3152, 1051, 2152, '1C'),
(3153, 1051, 2153, '2A'),
(3154, 1051, 2154, '2C'),
(3155, 1052, 2155, '14D'),
(3156, 1052, 2156, '14E'),
(3157, 1052, 2157, '14F'),
(3158, 1053, 2158, '3A'),
(3159, 1053, 2159, '3B'),
(3160, 1054, 2160, '11A'),
(3161, 1054, 2161, '11B'),
(3162, 1054, 2162, '11C'),
(3163, 1055, 2163, '8D'),
(3164, 1055, 2164, '8E'),
(3165, 1055, 2165, '8F'),
(3166, 1056, 2166, '42A'),
(3167, 1056, 2167, '42K'),
(3168, 1057, 2168, '19C'),
(3169, 1057, 2169, '19D'),
(3170, 1058, 2170, '6A'),
(3171, 1058, 2171, '6B'),
(3172, 1059, 2172, '12A'),
(3173, 1059, 2173, '12B'),
(3174, 1060, 2174, '21C'),
(3175, 1060, 2175, '21D'),
(3176, 1061, 2176, '4A'),
(3177, 1061, 2177, '4B'),
(3178, 1062, 2178, '9C'),
(3179, 1062, 2179, '9D'),
(3180, 1063, 2180, '15A'),
(3181, 1063, 2181, '15F'),
(3182, 1064, 2182, '1A'),
(3183, 1064, 2183, '1K'),
(3184, 1065, 2184, '5C'),
(3185, 1065, 2185, '5D'),
(3186, 1066, 2186, '22A'),
(3187, 1066, 2187, '22B'),
(3188, 1066, 2188, '22C'),
(3189, 1067, 2189, '60A'),
(3190, 1067, 2190, '60B'),
(3191, 1067, 2191, '60C'),
(3192, 1067, 2192, '60D'),
(3193, 1068, 2193, '10A'),
(3194, 1068, 2194, '10F'),
(3195, 1069, 2195, '12A'),
(3196, 1069, 2196, '12B'),
(3197, 1070, 2197, '2A'),
(3198, 1070, 2198, '2C'),
(3199, 1071, 2199, '20A'),
(3200, 1071, 2200, '20K'),
(3201, 1072, 2001, '5A'),
(3202, 1072, 2002, '5B'),
(3203, 1072, 2003, '5C'),
(3204, 1073, 2004, '8D'),
(3205, 1073, 2005, '8E'),
(3206, 1074, 2006, '35A'),
(3207, 1074, 2007, '35B'),
(3208, 1074, 2008, '35C'),
(3209, 1075, 2009, '11A'),
(3210, 1075, 2010, '11B'),
(3211, 1076, 2011, '3A'),
(3212, 1076, 2012, '3C'),
(3213, 1077, 2013, '16A'),
(3214, 1077, 2014, '16B'),
(3215, 1077, 2015, '16C'),
(3216, 1078, 2016, '6A'),
(3217, 1078, 2017, '6B'),
(3218, 1079, 2018, '2D'),
(3219, 1079, 2019, '2E'),
(3220, 1080, 2020, '4F'),
(3221, 1001, 2021, '1D'),
(3222, 1001, 2022, '1E'),
(3223, 1001, 2023, '1F'),
(3224, 1002, 2024, '15A'),
(3225, 1002, 2025, '15B'),
(3226, 1003, 2026, '18D'),
(3227, 1003, 2027, '18E'),
(3228, 1003, 2028, '18F'),
(3229, 1004, 2029, '20A'),
(3230, 1004, 2030, '20B'),
(3231, 1005, 2031, '6A'),
(3232, 1005, 2032, '6B'),
(3233, 1006, 2033, '3A'),
(3234, 1006, 2034, '3B'),
(3235, 1007, 2035, '28H'),
(3236, 1007, 2036, '28K'),
(3237, 1008, 2037, '9D'),
(3238, 1008, 2038, '9E'),
(3239, 1009, 2039, '10A'),
(3240, 1009, 2040, '10F'),
(3241, 1010, 2041, '5A'),
(3242, 1010, 2042, '5B'),
(3243, 1011, 2043, '12C'),
(3244, 1011, 2044, '12D'),
(3245, 1012, 2045, '45A'),
(3246, 1012, 2046, '45B'),
(3247, 1012, 2047, '45C'),
(3248, 1013, 2048, '4A'),
(3249, 1013, 2049, '4B'),
(3250, 1014, 2050, '15C'),
(3251, 1014, 2051, '15D'),
(3252, 1015, 2052, '6A'),
(3253, 1015, 2053, '6B'),
(3254, 1016, 2054, '25D'),
(3255, 1016, 2055, '25E'),
(3256, 1017, 2056, '8A'),
(3257, 1017, 2057, '8B'),
(3258, 1018, 2058, '14C'),
(3259, 1018, 2059, '14D'),
(3260, 1019, 2060, '10A'),
(3261, 1019, 2061, '10B'),
(3262, 1019, 2062, '10C'),
(3263, 1020, 2063, '5F'),
(3264, 1020, 2064, '5E'),
(3265, 1021, 2065, '7A'),
(3266, 1021, 2066, '7B'),
(3267, 1022, 2067, '1A'),
(3268, 1022, 2068, '1B'),
(3269, 1023, 2069, '12E'),
(3270, 1023, 2070, '12F'),
(3271, 1024, 2071, '3A'),
(3272, 1024, 2072, '3C'),
(3273, 1025, 2073, '16A'),
(3274, 1025, 2074, '16B'),
(3275, 1026, 2075, '8A'),
(3276, 1026, 2076, '8B'),
(3277, 1027, 2077, '22A'),
(3278, 1027, 2078, '22B'),
(3279, 1028, 2079, '4C'),
(3280, 1028, 2080, '4D'),
(3281, 1029, 2081, '9A'),
(3282, 1029, 2082, '9B'),
(3283, 1030, 2083, '12A'),
(3284, 1030, 2084, '12F'),
(3285, 1031, 2085, '5A'),
(3286, 1031, 2086, '5B'),
(3287, 1032, 2087, '30H'),
(3288, 1032, 2088, '30K'),
(3289, 1033, 2089, '14A'),
(3290, 1033, 2090, '14B'),
(3291, 1034, 2091, '17C'),
(3292, 1034, 2092, '17D'),
(3293, 1035, 2093, '40A'),
(3294, 1035, 2094, '40B'),
(3295, 1035, 2095, '40C'),
(3296, 1036, 2096, '6D'),
(3297, 1036, 2097, '6E'),
(3298, 1037, 2098, '10A'),
(3299, 1037, 2099, '10B'),
(3300, 1038, 2100, '3A'),
(3301, 1038, 2101, '3K');

-- 9. TypyPracownikow (5 wierszy)
INSERT INTO TypyPracownikow (TypID, NazwaTypu) VALUES
(1, 'Pilot'),
(2, 'Personel Pokładowy'),
(3, 'Mechanik Lotniczy'),
(4, 'Obsługa Naziemna (Cargo)'),
(5, 'Kontroler Ruchu Lotniczego');

-- 10. Pracownicy (111 wierszy)
INSERT INTO Pracownicy (PracownikID, Imie, Nazwisko, TypID, DataZatrudnienia, NumerLicencji) VALUES

-- === 1. PILOCI (TypID: 1) ===
(4001, 'Krzysztof', 'Mazur', 1, '2005-01-10', 'PL98765'),
(4002, 'Joanna', 'Błysk', 1, '2010-05-15', 'PL54321'),
(4003, 'Tomasz', 'Orzeł', 1, '2018-08-01', 'PL12345'),
(4004, 'Marta', 'Kruk', 1, '2020-03-20', 'PL11223'),
(4021, 'Adam', 'Wysoki', 1, '2012-04-12', 'PL66778'),
(4022, 'Magdalena', 'Chmura', 1, '2015-09-30', 'PL99881'),
(4023, 'Piotr', 'Ster', 1, '2008-11-11', 'PL44556'),
(4024, 'Robert', 'Skrzydło', 1, '2019-07-07', 'PL22334'),
(4025, 'Karolina', 'Szybka', 1, '2021-01-15', 'PL77665'),

-- === 2. PERSONEL POKŁADOWY (TypID: 2) ===
(4005, 'Alicja', 'Wesoła', 2, '2019-02-01', NULL),
(4006, 'Paweł', 'Smutny', 2, '2021-06-10', NULL),
(4007, 'Ewelina', 'Górska', 2, '2022-11-11', NULL),
(4008, 'Rafał', 'Niski', 2, '2017-04-04', NULL),
(4026, 'Katarzyna', 'Nowak', 2, '2018-05-20', NULL),
(4027, 'Marcin', 'Kowalski', 2, '2019-03-14', NULL),
(4028, 'Agata', 'Wiśniewska', 2, '2020-06-01', NULL),
(4029, 'Damian', 'Wójcik', 2, '2021-02-18', NULL),
(4030, 'Julia', 'Kamińska', 2, '2022-07-22', NULL),
(4031, 'Patryk', 'Lewandowski', 2, '2023-04-10', NULL),
(4032, 'Natalia', 'Dąbrowska', 2, '2017-09-05', NULL),
(4033, 'Grzegorz', 'Zieliński', 2, '2018-11-30', NULL),
(4034, 'Oliwia', 'Szymańska', 2, '2019-08-12', NULL),
(4035, 'Jakub', 'Woźniak', 2, '2020-12-05', NULL),
(4036, 'Zuzanna', 'Kozłowska', 2, '2021-05-09', NULL),
(4037, 'Filip', 'Jankowski', 2, '2022-01-15', NULL),
(4038, 'Maja', 'Mazur', 2, '2023-06-25', NULL),
(4039, 'Szymon', 'Wojciechowski', 2, '2016-10-10', NULL),
(4040, 'Amelia', 'Kwiatkowska', 2, '2018-02-28', NULL),
(4041, 'Antoni', 'Krawczyk', 2, '2019-07-19', NULL),
(4042, 'Lena', 'Piotrowska', 2, '2020-09-01', NULL),
(4043, 'Mikołaj', 'Grabowski', 2, '2021-11-11', NULL),
(4044, 'Wiktoria', 'Nowakowska', 2, '2022-03-20', NULL),
(4045, 'Igor', 'Pawłowski', 2, '2023-08-08', NULL),
(4046, 'Hanna', 'Michalska', 2, '2017-05-05', NULL),
(4047, 'Kacper', 'Król', 2, '2018-12-12', NULL),
(4048, 'Antonina', 'Wieczorek', 2, '2019-04-04', NULL),
(4049, 'Marcel', 'Jabłoński', 2, '2020-08-30', NULL),
(4050, 'Pola', 'Wróbel', 2, '2021-10-15', NULL),

-- === 3. MECHANICY LOTNICZY (TypID: 3) ===
(4009, 'Józef', 'Techniczny', 3, '2000-10-01', 'MT9001'),
(4010, 'Michał', 'Naprawa', 3, '2015-12-12', 'MT9002'),
(4011, 'Anna', 'Maszynista', 3, '2023-01-20', 'MT9003'),
(4051, 'Dariusz', 'Klucz', 3, '2010-06-15', 'MT9004'),
(4052, 'Janusz', 'Silnik', 3, '2012-09-20', 'MT9005'),
(4053, 'Marek', 'Śruba', 3, '2018-03-10', 'MT9006'),
(4054, 'Wojciech', 'Smar', 3, '2021-11-05', 'MT9007'),
(4055, 'Roman', 'Turbina', 3, '2005-05-05', 'MT9008'),
(4056, 'Stanisław', 'Warsztat', 3, '2023-05-12', 'MT9009'),

-- === 4. OBSŁUGA NAZIEMNA (TypID: 4) ===
(4012, 'Łukasz', 'Bagażowy', 4, '2016-03-01', NULL),
(4013, 'Beata', 'Tankowanie', 4, '2019-09-09', NULL),
(4014, 'Kamil', 'Holowanie', 4, '2020-05-05', NULL),
(4015, 'Sebastian', 'Utrzymanie', 4, '2021-08-15', NULL),
(4057, 'Adam', 'Walizka', 4, '2018-01-10', NULL),
(4058, 'Ewa', 'Pas', 4, '2018-02-15', NULL),
(4059, 'Piotr', 'Rampa', 4, '2018-03-20', NULL),
(4060, 'Anna', 'Checkin', 4, '2018-04-25', NULL),
(4061, 'Tomasz', 'Gate', 4, '2018-06-01', NULL),
(4062, 'Magda', 'Terminal', 4, '2019-01-05', NULL),
(4063, 'Kamil', 'Wózek', 4, '2019-02-10', NULL),
(4064, 'Karolina', 'Sortownia', 4, '2019-03-15', NULL),
(4065, 'Michał', 'Schody', 4, '2019-04-20', NULL),
(4066, 'Justyna', 'Bilet', 4, '2019-05-25', NULL),
(4067, 'Robert', 'Ochrona', 4, '2019-07-01', NULL),
(4068, 'Agnieszka', 'Informacja', 4, '2020-01-15', NULL),
(4069, 'Marcin', 'Kierowca', 4, '2020-02-20', NULL),
(4070, 'Dorota', 'Sprzątanie', 4, '2020-03-25', NULL),
(4071, 'Paweł', 'Załadunek', 4, '2020-05-01', NULL),
(4072, 'Sylwia', 'Obsługa', 4, '2020-06-05', NULL),
(4073, 'Rafał', 'Pomoc', 4, '2020-07-10', NULL),
(4074, 'Monika', 'Bagaż', 4, '2020-08-15', NULL),
(4075, 'Łukasz', 'Transport', 4, '2021-01-05', NULL),
(4076, 'Barbara', 'Kontrola', 4, '2021-02-10', NULL),
(4077, 'Krzysztof', 'Wózkowy', 4, '2021-03-15', NULL),
(4078, 'Iwona', 'Recepcja', 4, '2021-04-20', NULL),
(4079, 'Jacek', 'Technik', 4, '2021-05-25', NULL),
(4080, 'Natalia', 'Serwis', 4, '2021-06-30', NULL),
(4081, 'Marek', 'Logistyka', 4, '2021-08-01', NULL),
(4082, 'Paulina', 'Koordynacja', 4, '2021-09-05', NULL),
(4083, 'Grzegorz', 'Magazyn', 4, '2021-10-10', NULL),
(4084, 'Weronika', 'Biuro', 4, '2022-01-15', NULL),
(4085, 'Maciej', 'Operator', 4, '2022-02-20', NULL),
(4086, 'Daria', 'Agent', 4, '2022-03-25', NULL),
(4087, 'Hubert', 'Asysta', 4, '2022-04-30', NULL),
(4088, 'Klaudia', 'Strefa', 4, '2022-06-01', NULL),
(4089, 'Sebastian', 'Płyta', 4, '2022-07-05', NULL),
(4090, 'Martyna', 'Ruch', 4, '2022-08-10', NULL),
(4091, 'Adrian', 'Zabezpieczenie', 4, '2022-09-15', NULL),
(4092, 'Dominik', 'Paliwo', 4, '2023-01-10', NULL),
(4093, 'Kinga', 'Catering', 4, '2023-02-15', NULL),
(4094, 'Artur', 'Odladzanie', 4, '2023-03-20', NULL),
(4095, 'Patrycja', 'VIP', 4, '2023-04-25', NULL),
(4096, 'Oskar', 'Dyżurny', 4, '2023-05-30', NULL),
(4097, 'Blanka', 'Check', 4, '2023-07-01', NULL),
(4098, 'Błażej', 'Cargo', 4, '2023-08-05', NULL),
(4099, 'Gabriela', 'LostFound', 4, '2023-09-10', NULL),
(4100, 'Tadeusz', 'FollowMe', 4, '2023-10-15', NULL),
(4101, 'Urszula', 'Sprzątaczka', 4, '2023-11-20', NULL),

-- === 5. KONTROLERZY RUCHU (TypID: 5) ===
(4016, 'Monika', 'Wieża', 5, '2008-07-20', 'ATC001'),
(4017, 'Cezary', 'Radar', 5, '2014-11-25', 'ATC002'),
(4018, 'Dominika', 'Kontrola', 5, '2020-02-14', 'ATC003'),
(4019, 'Borys', 'Koordynator', 5, '2012-04-01', 'ATC004'),
(4020, 'Adrianna', 'Bezpieczna', 5, '2024-01-01', 'ATC005'),
(4102, 'Jerzy', 'Sektor', 5, '2009-03-12', 'ATC006'),
(4103, 'Halina', 'Eter', 5, '2011-08-22', 'ATC007'),
(4104, 'Witold', 'Naprowadzanie', 5, '2013-11-30', 'ATC008'),
(4105, 'Elżbieta', 'Radarowa', 5, '2015-05-14', 'ATC009'),
(4106, 'Ryszard', 'Zasięg', 5, '2017-02-10', 'ATC010'),
(4107, 'Teresa', 'Częstotliwość', 5, '2019-09-01', 'ATC011'),
(4108, 'Zdzisław', 'Pułap', 5, '2021-04-18', 'ATC012'),
(4109, 'Danuta', 'Ścieżka', 5, '2022-12-05', 'ATC013'),
(4110, 'Leszek', 'Kurs', 5, '2023-06-20', 'ATC014'),
(4111, 'Jolanta', 'Podejście', 5, '2024-01-15', 'ATC015');

-- 11. ZalogaLotu (220 wierszy - 2-4 pracowników na loty)
INSERT INTO ZalogaLotu (ZalogaLotuID, LotID, PracownikID, RolaWLocie) VALUES
(5001, 1001, 4001, 'Kapitan'),
(5002, 1001, 4002, 'Drugi Pilot'),
(5003, 1001, 4005, 'Stewardesa'),
(5004, 1001, 4006, 'Steward'),
(5005, 1002, 4003, 'Kapitan'),
(5006, 1002, 4004, 'Drugi Pilot'),
(5007, 1002, 4007, 'Stewardesa'),
(5008, 1004, 4001, 'Kapitan'),
(5009, 1004, 4008, 'Stewardesa'),
(5010, 1005, 4002, 'Kapitan'),
(5011, 1005, 4005, 'Stewardesa'),
(5012, 1005, 4006, 'Steward'),
(5013, 1006, 4003, 'Kapitan'),
(5014, 1006, 4007, 'Stewardesa'),
(5015, 1006, 4008, 'Stewardesa'),
(5016, 1007, 4004, 'Kapitan'),
(5017, 1007, 4005, 'Stewardesa'),
(5018, 1010, 4001, 'Kapitan'),
(5019, 1010, 4006, 'Steward'),
(5020, 1010, 4007, 'Stewardesa'),
(5021, 1015, 4002, 'Kapitan'),
(5022, 1015, 4005, 'Stewardesa'),
(5023, 1016, 4003, 'Kapitan'),
(5024, 1016, 4008, 'Stewardesa'),
(5025, 1020, 4004, 'Kapitan'),
(5026, 1021, 4021, 'Kapitan'),
(5027, 1021, 4022, 'Drugi Pilot'),
(5028, 1021, 4026, 'Szef Pokładu'),
(5029, 1021, 4027, 'Steward'),
(5030, 1022, 4023, 'Kapitan'),
(5031, 1022, 4024, 'Drugi Pilot'),
(5032, 1022, 4028, 'Stewardesa'),
(5033, 1022, 4029, 'Steward'),
(5034, 1023, 4025, 'Kapitan'),
(5035, 1023, 4001, 'Drugi Pilot'),
(5036, 1023, 4030, 'Stewardesa'),
(5037, 1024, 4002, 'Kapitan'),
(5038, 1024, 4003, 'Drugi Pilot'),
(5039, 1024, 4031, 'Steward'),
(5040, 1024, 4032, 'Stewardesa'),
(5041, 1025, 4004, 'Kapitan'),
(5042, 1025, 4021, 'Drugi Pilot'),
(5043, 1025, 4033, 'Steward'),
(5044, 1026, 4022, 'Kapitan'),
(5045, 1026, 4023, 'Drugi Pilot'),
(5046, 1026, 4034, 'Stewardesa'),
(5047, 1026, 4035, 'Steward'),
(5048, 1027, 4024, 'Kapitan'),
(5049, 1027, 4025, 'Drugi Pilot'),
(5050, 1027, 4036, 'Stewardesa'),
(5051, 1027, 4037, 'Steward'),
(5052, 1028, 4001, 'Kapitan'),
(5053, 1028, 4002, 'Drugi Pilot'),
(5054, 1028, 4038, 'Stewardesa'),
(5055, 1029, 4003, 'Kapitan'),
(5056, 1029, 4004, 'Drugi Pilot'),
(5057, 1029, 4039, 'Steward'),
(5058, 1029, 4040, 'Stewardesa'),
(5059, 1030, 4021, 'Kapitan'),
(5060, 1030, 4022, 'Drugi Pilot'),
(5061, 1030, 4041, 'Steward'),
(5062, 1031, 4023, 'Kapitan'),
(5063, 1031, 4024, 'Drugi Pilot'),
(5064, 1031, 4042, 'Stewardesa'),
(5065, 1031, 4043, 'Steward'),
(5066, 1032, 4025, 'Kapitan'),
(5067, 1032, 4001, 'Drugi Pilot'),
(5068, 1032, 4044, 'Stewardesa'),
(5069, 1033, 4002, 'Kapitan'),
(5070, 1033, 4045, 'Steward'),
(5071, 1033, 4046, 'Stewardesa'),
(5072, 1034, 4003, 'Kapitan'),
(5073, 1034, 4004, 'Drugi Pilot'),
(5074, 1034, 4047, 'Steward'),
(5075, 1035, 4021, 'Kapitan'),
(5076, 1035, 4022, 'Drugi Pilot'),
(5077, 1035, 4048, 'Stewardesa'),
(5078, 1035, 4049, 'Steward'),
(5079, 1036, 4023, 'Kapitan'),
(5080, 1036, 4024, 'Drugi Pilot'),
(5081, 1036, 4050, 'Stewardesa'),
(5082, 1037, 4025, 'Kapitan'),
(5083, 1037, 4001, 'Drugi Pilot'),
(5084, 1037, 4005, 'Szef Pokładu'),
(5085, 1037, 4006, 'Steward'),
(5086, 1038, 4002, 'Kapitan'),
(5087, 1038, 4003, 'Drugi Pilot'),
(5088, 1038, 4007, 'Stewardesa'),
(5089, 1039, 4004, 'Kapitan'),
(5090, 1039, 4021, 'Drugi Pilot'),
(5091, 1039, 4008, 'Stewardesa'),
(5092, 1039, 4026, 'Stewardesa'),
(5093, 1040, 4022, 'Kapitan'),
(5094, 1040, 4023, 'Drugi Pilot'),
(5095, 1040, 4027, 'Steward'),
(5096, 1041, 4024, 'Kapitan'),
(5097, 1041, 4025, 'Drugi Pilot'),
(5098, 1041, 4028, 'Stewardesa'),
(5099, 1042, 4001, 'Kapitan'),
(5100, 1042, 4002, 'Drugi Pilot'),
(5101, 1042, 4029, 'Steward'),
(5102, 1042, 4030, 'Stewardesa'),
(5103, 1043, 4003, 'Kapitan'),
(5104, 1043, 4004, 'Drugi Pilot'),
(5105, 1043, 4031, 'Steward'),
(5106, 1044, 4021, 'Kapitan'),
(5107, 1044, 4032, 'Stewardesa'),
(5108, 1044, 4033, 'Steward'),
(5109, 1045, 4022, 'Kapitan'),
(5110, 1045, 4023, 'Drugi Pilot'),
(5111, 1045, 4034, 'Stewardesa'),
(5112, 1046, 4024, 'Kapitan'),
(5113, 1046, 4035, 'Steward'),
(5114, 1046, 4036, 'Stewardesa'),
(5115, 1047, 4025, 'Kapitan'),
(5116, 1047, 4001, 'Drugi Pilot'),
(5117, 1047, 4037, 'Steward'),
(5118, 1048, 4002, 'Kapitan'),
(5119, 1048, 4003, 'Drugi Pilot'),
(5120, 1048, 4038, 'Stewardesa'),
(5121, 1048, 4039, 'Steward'),
(5122, 1049, 4004, 'Kapitan'),
(5123, 1049, 4040, 'Stewardesa'),
(5124, 1049, 4041, 'Steward'),
(5125, 1050, 4021, 'Kapitan'),
(5126, 1050, 4022, 'Drugi Pilot'),
(5127, 1050, 4042, 'Stewardesa'),
(5128, 1051, 4023, 'Kapitan'),
(5129, 1051, 4024, 'Drugi Pilot'),
(5130, 1051, 4043, 'Steward'),
(5131, 1051, 4044, 'Stewardesa'),
(5132, 1052, 4025, 'Kapitan'),
(5133, 1052, 4001, 'Drugi Pilot'),
(5134, 1052, 4045, 'Steward'),
(5135, 1053, 4002, 'Kapitan'),
(5136, 1053, 4003, 'Drugi Pilot'),
(5137, 1053, 4046, 'Stewardesa'),
(5138, 1054, 4004, 'Kapitan'),
(5139, 1054, 4021, 'Drugi Pilot'),
(5140, 1054, 4047, 'Steward'),
(5141, 1054, 4048, 'Stewardesa'),
(5142, 1055, 4022, 'Kapitan'),
(5143, 1055, 4023, 'Drugi Pilot'),
(5144, 1055, 4049, 'Steward'),
(5145, 1056, 4024, 'Kapitan'),
(5146, 1056, 4050, 'Stewardesa'),
(5147, 1056, 4005, 'Stewardesa'),
(5148, 1057, 4025, 'Kapitan'),
(5149, 1057, 4001, 'Drugi Pilot'),
(5150, 1057, 4006, 'Steward'),
(5151, 1058, 4002, 'Kapitan'),
(5152, 1058, 4007, 'Stewardesa'),
(5153, 1058, 4008, 'Stewardesa'),
(5154, 1059, 4003, 'Kapitan'),
(5155, 1059, 4004, 'Drugi Pilot'),
(5156, 1059, 4026, 'Stewardesa'),
(5157, 1060, 4021, 'Kapitan'),
(5158, 1060, 4022, 'Drugi Pilot'),
(5159, 1060, 4027, 'Steward'),
(5160, 1060, 4028, 'Stewardesa'),
(5161, 1061, 4023, 'Kapitan'),
(5162, 1061, 4024, 'Drugi Pilot'),
(5163, 1061, 4029, 'Steward'),
(5164, 1062, 4025, 'Kapitan'),
(5165, 1062, 4001, 'Drugi Pilot'),
(5166, 1062, 4030, 'Stewardesa'),
(5167, 1063, 4002, 'Kapitan'),
(5168, 1063, 4031, 'Steward'),
(5169, 1063, 4032, 'Stewardesa'),
(5170, 1064, 4003, 'Kapitan'),
(5171, 1064, 4004, 'Drugi Pilot'),
(5172, 1064, 4033, 'Steward'),
(5173, 1065, 4021, 'Kapitan'),
(5174, 1065, 4022, 'Drugi Pilot'),
(5175, 1065, 4034, 'Stewardesa'),
(5176, 1065, 4035, 'Steward'),
(5177, 1066, 4023, 'Kapitan'),
(5178, 1066, 4036, 'Stewardesa'),
(5179, 1066, 4037, 'Steward'),
(5180, 1067, 4024, 'Kapitan'),
(5181, 1067, 4025, 'Drugi Pilot'),
(5182, 1067, 4038, 'Stewardesa'),
(5183, 1068, 4001, 'Kapitan'),
(5184, 1068, 4002, 'Drugi Pilot'),
(5185, 1068, 4039, 'Steward'),
(5186, 1068, 4040, 'Stewardesa'),
(5187, 1069, 4003, 'Kapitan'),
(5188, 1069, 4041, 'Steward'),
(5189, 1069, 4042, 'Stewardesa'),
(5190, 1070, 4004, 'Kapitan'),
(5191, 1070, 4021, 'Drugi Pilot'),
(5192, 1070, 4043, 'Steward'),
(5193, 1071, 4022, 'Kapitan'),
(5194, 1071, 4023, 'Drugi Pilot'),
(5195, 1071, 4044, 'Stewardesa'),
(5196, 1072, 4024, 'Kapitan'),
(5197, 1072, 4025, 'Drugi Pilot'),
(5198, 1072, 4045, 'Steward'),
(5199, 1072, 4046, 'Stewardesa'),
(5200, 1073, 4001, 'Kapitan'),
(5201, 1073, 4002, 'Drugi Pilot'),
(5202, 1073, 4047, 'Steward'),
(5203, 1074, 4003, 'Kapitan'),
(5204, 1074, 4048, 'Stewardesa'),
(5205, 1074, 4049, 'Steward'),
(5206, 1075, 4004, 'Kapitan'),
(5207, 1075, 4021, 'Drugi Pilot'),
(5208, 1075, 4050, 'Stewardesa'),
(5209, 1076, 4022, 'Kapitan'),
(5210, 1076, 4005, 'Szef Pokładu'),
(5211, 1076, 4006, 'Steward'),
(5212, 1077, 4023, 'Kapitan'),
(5213, 1077, 4024, 'Drugi Pilot'),
(5214, 1077, 4007, 'Stewardesa'),
(5215, 1077, 4008, 'Stewardesa'),
(5216, 1078, 4025, 'Kapitan'),
(5217, 1078, 4001, 'Drugi Pilot'),
(5218, 1078, 4026, 'Stewardesa'),
(5219, 1079, 4002, 'Kapitan'),
(5220, 1079, 4003, 'Drugi Pilot'),
(5221, 1079, 4027, 'Steward'),
(5222, 1080, 4004, 'Kapitan'),
(5223, 1080, 4021, 'Drugi Pilot'),
(5224, 1080, 4028, 'Stewardesa'),
(5225, 1080, 4029, 'Steward');

-- 12. TypyMaszyn (Bez zmian - dla kontekstu)
INSERT INTO TypyMaszyn (TypMaszynyID, NazwaTypu, Opis) VALUES
(6001, 'Wózek Bagażowy', 'Do transportu bagażu między terminalem a samolotem'),
(6002, 'Cysterna Paliwowa', 'Do tankowania samolotów'),
(6003, 'Schody Pasażerskie', 'Ruchome schody do wejścia na pokład (dla mniejszych maszyn)'),
(6004, 'Holownik Pchający (Pushback)', 'Do wypychania samolotu ze stanowiska postojowego'),
(6005, 'Taśmociąg do Ładunku', 'Do załadunku i rozładunku cargo');

-- 13. MaszynyObslugiNaziemnej (15 oryginalnych + 10 nowych = 25 wierszy)
INSERT INTO MaszynyObslugiNaziemnej (MaszynaID, NumerInwentarzowy, TypMaszynyID, Marka, Model, RokProdukcji, Status) VALUES
(7001, 'BG-001', 6001, 'Toyota', 'Towmaster', 2018, 'Dostępna'),
(7002, 'BG-002', 6001, 'Toyota', 'Towmaster', 2019, 'W Użyciu'),
(7003, 'CN-010', 6002, 'Iveco', 'FuelMaster 10K', 2015, 'Dostępna'),
(7004, 'CN-011', 6002, 'Iveco', 'FuelMaster 10K', 2020, 'W Naprawie'),
(7005, 'SC-050', 6003, 'TLD', 'GroundStep', 2021, 'Dostępna'),
(7006, 'SC-051', 6003, 'TLD', 'GroundStep', 2022, 'Dostępna'),
(7007, 'HB-100', 6004, 'Goldhofer', 'AST-2', 2017, 'W Użyciu'),
(7008, 'HB-101', 6004, 'Goldhofer', 'AST-2', 2023, 'Dostępna'),
(7009, 'TC-200', 6005, 'Cargotec', 'LoadAll', 2018, 'Dostępna'),
(7010, 'TC-201', 6005, 'Cargotec', 'LoadAll', 2019, 'Dostępna'),
(7011, 'BG-003', 6001, 'Toyota', 'Towmaster', 2020, 'Dostępna'),
(7012, 'CN-012', 6002, 'Iveco', 'FuelMaster 10K', 2021, 'Dostępna'),
(7013, 'SC-052', 6003, 'TLD', 'GroundStep', 2023, 'Dostępna'),
(7014, 'HB-102', 6004, 'Goldhofer', 'AST-2', 2024, 'Dostępna'),
(7015, 'TC-202', 6005, 'Cargotec', 'LoadAll', 2020, 'W Użyciu'),
(7016, 'BG-004', 6001, 'Linde', 'P250', 2016, 'W Naprawie'),
(7017, 'BG-005', 6001, 'Linde', 'P250', 2017, 'Dostępna'),
(7018, 'CN-013', 6002, 'Volvo', 'FMX Refueler', 2019, 'W Użyciu'),
(7019, 'CN-014', 6002, 'Volvo', 'FMX Refueler', 2022, 'W Naprawie'),
(7020, 'SC-053', 6003, 'Mallaghan', 'Vario 2', 2018, 'W Użyciu'),
(7021, 'SC-054', 6003, 'Mallaghan', 'Vario 2', 2020, 'W Naprawie'),
(7022, 'HB-103', 6004, 'Douglas', 'Tugmaster', 2015, 'W Naprawie'),
(7023, 'HB-104', 6004, 'Douglas', 'Tugmaster', 2019, 'Dostępna'),
(7024, 'TC-203', 6005, 'Mulag', 'Comet 4', 2021, 'Dostępna'),
(7025, 'TC-204', 6005, 'Mulag', 'Comet 4', 2022, 'W Naprawie');

-- 14. PrzegladyTechniczne (15 oryginalnych + 30 nowych = 45 wierszy)
INSERT INTO PrzegladyTechniczne (PrzegladID, MaszynaID, DataPrzegladu, DataNastepnegoPrzegladu, Wynik, PrzeprowadzajacyPracownikID) VALUES
(8001, 7001, '2025-10-01', '2026-04-01', 'Pozytywny', 4009),
(8002, 7004, '2025-11-15', '2026-05-15', 'Wymaga Naprawy', 4010),
(8003, 7004, '2025-06-01', '2025-11-15', 'Pozytywny', 4011),
(8004, 7007, '2025-09-20', '2026-03-20', 'Pozytywny', 4009),
(8005, 7007, '2025-03-20', '2025-09-20', 'Pozytywny', 4010),
(8006, 7002, '2025-11-28', '2026-05-28', 'Pozytywny', 4011),
(8007, 7003, '2025-11-05', '2026-05-05', 'Pozytywny', 4009),
(8008, 7005, '2025-10-15', '2026-04-15', 'Pozytywny', 4010),
(8009, 7006, '2025-09-01', '2026-03-01', 'Pozytywny', 4011),
(8010, 7008, '2025-11-01', '2026-05-01', 'Pozytywny', 4009),
(8011, 7009, '2025-10-10', '2026-04-10', 'Pozytywny', 4010),
(8012, 7010, '2025-09-15', '2026-03-15', 'Pozytywny', 4011),
(8013, 7011, '2025-11-20', '2026-05-20', 'Pozytywny', 4009),
(8014, 7012, '2025-10-25', '2026-04-25', 'Pozytywny', 4010),
(8015, 7013, '2025-11-30', '2026-05-30', 'Pozytywny', 4011),
(8016, 7016, '2025-12-01', '2025-12-15', 'Wymaga Naprawy', 4051), -- Typ 6001 (Wózek)
(8017, 7019, '2025-12-02', '2025-12-16', 'Negatywny', 4052),     -- Typ 6002 (Cysterna)
(8018, 7021, '2025-12-03', '2025-12-17', 'Wymaga Naprawy', 4053), -- Typ 6003 (Schody)
(8019, 7022, '2025-12-04', '2025-12-18', 'Negatywny', 4054),     -- Typ 6004 (Holownik)
(8020, 7025, '2025-12-05', '2025-12-19', 'Wymaga Naprawy', 4055), -- Typ 6005 (Taśmociąg)
(8021, 7014, '2025-12-06', '2026-06-06', 'Pozytywny', 4056),
(8022, 7015, '2025-12-07', '2026-06-07', 'Pozytywny', 4009),
(8023, 7017, '2025-12-08', '2026-06-08', 'Pozytywny', 4010),
(8024, 7018, '2025-12-09', '2026-06-09', 'Pozytywny', 4011),
(8025, 7020, '2025-12-10', '2026-06-10', 'Pozytywny', 4051),
(8026, 7023, '2025-12-11', '2026-06-11', 'Pozytywny', 4052),
(8027, 7024, '2025-12-12', '2026-06-12', 'Pozytywny', 4053),
(8028, 7001, '2025-04-01', '2025-10-01', 'Pozytywny', 4);